Customer ID,Order ID,SKU ID,Return Date,Return Quantity
CUST0160,000002,P0350,2023-01-08,1
CUST0009,000008,P0330,2023-01-12,1
CUST0060,000011,P0410,2023-01-12,2
CUST0296,000003,P0268,2023-01-17,1
CUST0060,000011,P0158,2023-01-17,1
CUST0860,000007,P0207,2023-01-19,1
CUST0860,000027,P0223,2023-01-19,1
CUST0622,000032,P0283,2023-01-20,1
CUST0674,000013,P0362,2023-01-21,1
CUST0762,000026,P0245,2023-01-22,5
CUST0296,000005,P0236,2023-01-24,1
CUST0674,000013,P0178,2023-01-25,1
CUST0674,000013,P0293,2023-01-25,1
CUST0296,000022,P0233,2023-01-25,1
CUST0279,000029,P0396,2023-01-25,1
CUST0543,000041,P0145,2023-01-25,1
CUST0622,000032,P0158,2023-01-26,1
CUST0327,000018,P0365,2023-01-28,1
CUST0848,000033,P0267,2023-01-30,1
CUST0296,000046,P0135,2023-01-30,1
CUST0935,000028,P0071,2023-02-02,1
CUST0009,000020,P0120,2023-02-03,1
CUST0052,000038,P0419,2023-02-03,1
CUST0927,000045,P0074,2023-02-03,1
CUST0063,000044,P0122,2023-02-04,1
CUST0860,000027,P0395,2023-02-09,1
CUST0063,000044,P0135,2023-02-11,1
CUST0059,000059,P0237,2023-02-14,1
CUST0123,000062,P0388,2023-02-15,1
CUST0123,000062,P0038,2023-02-18,1
CUST0674,000063,P0277,2023-02-18,1
CUST0860,000051,P0068,2023-02-19,2
CUST0123,000062,P0437,2023-02-21,1
CUST0962,000068,P0350,2023-02-22,1
CUST0558,000049,P0217,2023-02-23,1
CUST0949,000066,P0074,2023-03-03,1
CUST0901,000076,P0192,2023-03-07,1
CUST0901,000080,P0069,2023-03-08,1
CUST0757,000083,P0226,2023-03-09,1
CUST0246,000088,P0186,2023-03-09,1
CUST0246,000075,P0004,2023-03-10,1
CUST0246,000075,P0158,2023-03-11,1
CUST0246,000088,P0123,2023-03-11,1
CUST0523,000082,P0082,2023-03-12,1
CUST0696,000079,P0047,2023-03-14,3
CUST0523,000082,P0051,2023-03-14,1
CUST0650,000087,P0139,2023-03-15,1
CUST0246,000088,P0122,2023-03-15,1
CUST0547,000094,P0359,2023-03-15,1
CUST0674,000097,P0405,2023-03-15,1
CUST0879,000100,P0329,2023-03-18,1
CUST0296,000102,P0288,2023-03-20,3
CUST0296,000098,P0262,2023-03-21,1
CUST0053,000074,P0245,2023-03-23,1
CUST0547,000094,P0361,2023-03-23,1
CUST0879,000100,P0030,2023-03-23,1
CUST0246,000075,P0371,2023-03-24,1
CUST0955,000109,P0340,2023-03-24,1
CUST0674,000116,P0056,2023-03-24,1
CUST0680,000089,P0154,2023-03-25,1
CUST0757,000083,P0476,2023-03-26,1
CUST0427,000115,P0119,2023-03-26,1
CUST0597,000084,P0336,2023-03-28,1
CUST0009,000121,P0331,2023-03-28,5
CUST0296,000098,P0247,2023-03-30,1
CUST0523,000108,P0211,2023-03-31,1
CUST0280,000110,P0416,2023-03-31,1
CUST0811,000126,P0395,2023-03-31,1
CUST0674,000116,P0158,2023-04-02,1
CUST0732,000090,P0036,2023-04-03,1
CUST0949,000128,P0149,2023-04-04,1
CUST0674,000132,P0028,2023-04-04,1
CUST0860,000133,P0207,2023-04-05,1
CUST0477,000104,P0358,2023-04-06,1
CUST0670,000131,P0371,2023-04-10,1
CUST0722,000137,P0243,2023-04-10,1
CUST0674,000132,P0408,2023-04-11,1
CUST0773,000135,P0141,2023-04-11,1
CUST0979,000138,P0260,2023-04-11,2
CUST0901,000136,P0340,2023-04-12,1
CUST0523,000108,P0162,2023-04-13,2
CUST0722,000137,P0279,2023-04-13,1
CUST0696,000142,P0210,2023-04-14,1
CUST0722,000137,P0082,2023-04-15,1
CUST0606,000143,P0236,2023-04-16,1
CUST0448,000122,P0056,2023-04-17,1
CUST0549,000124,P0137,2023-04-17,1
CUST0670,000131,P0271,2023-04-17,1
CUST0523,000144,P0042,2023-04-17,1
CUST0246,000127,P0266,2023-04-18,1
CUST0606,000143,P0247,2023-04-19,1
CUST0045,000148,P0007,2023-04-19,1
CUST0670,000131,P0402,2023-04-22,1
CUST0558,000150,P0197,2023-04-22,1
CUST0398,000155,P0269,2023-04-22,1
CUST0189,000154,P0208,2023-04-25,1
CUST0640,000140,P0191,2023-04-27,1
CUST0558,000150,P0149,2023-04-27,1
CUST0189,000154,P0251,2023-04-27,1
CUST0606,000143,P0300,2023-04-28,1
CUST0189,000154,P0204,2023-04-28,1
CUST0670,000131,P0176,2023-04-30,1
CUST0160,000139,P0230,2023-05-01,2
CUST0558,000150,P0030,2023-05-01,2
CUST0083,000166,P0290,2023-05-01,1
CUST0062,000159,P0495,2023-05-02,1
CUST0811,000161,P0207,2023-05-02,1
CUST0879,000165,P0268,2023-05-03,1
CUST0398,000168,P0241,2023-05-03,1
CUST0949,000171,P0059,2023-05-04,3
CUST0457,000174,P0149,2023-05-04,1
CUST0398,000168,P0277,2023-05-05,1
CUST0398,000168,P0228,2023-05-05,1
CUST0949,000171,P0092,2023-05-05,1
CUST0011,000175,P0346,2023-05-05,3
CUST0979,000138,P0236,2023-05-06,1
CUST0606,000143,P0265,2023-05-06,1
CUST0062,000159,P0313,2023-05-06,1
CUST0457,000174,P0154,2023-05-06,4
CUST0696,000142,P0030,2023-05-07,1
CUST0355,000176,P0198,2023-05-07,1
CUST0920,000177,P0299,2023-05-08,1
CUST0464,000164,P0072,2023-05-12,1
CUST0355,000176,P0306,2023-05-12,1
CUST0355,000176,P0176,2023-05-12,1
CUST0189,000154,P0230,2023-05-17,2
CUST0623,000160,P0330,2023-05-17,1
CUST0081,000187,P0354,2023-05-17,1
CUST0560,000188,P0160,2023-05-17,1
CUST0398,000168,P0135,2023-05-18,1
CUST0445,000169,P0497,2023-05-18,1
CUST0860,000170,P0024,2023-05-18,2
CUST0046,000180,P0348,2023-05-18,1
CUST0554,000193,P0330,2023-05-18,1
CUST0811,000161,P0265,2023-05-21,1
CUST0920,000177,P0266,2023-05-21,1
CUST0650,000158,P0457,2023-05-22,1
CUST0811,000161,P0241,2023-05-22,1
CUST0220,000206,P0355,2023-05-23,2
CUST0123,000162,P0190,2023-05-24,1
CUST0920,000177,P0210,2023-05-25,1
CUST0927,000195,P0250,2023-05-25,1
CUST0949,000171,P0352,2023-05-26,1
CUST0340,000208,P0160,2023-05-28,1
CUST0382,000228,P0333,2023-05-29,1
CUST0626,000199,P0130,2023-05-30,1
CUST0388,000231,P0071,2023-05-31,1
CUST0259,000190,P0178,2023-06-01,1
CUST0826,000201,P0061,2023-06-01,1
CUST0388,000231,P0110,2023-06-01,1
CUST0081,000187,P0327,2023-06-02,1
CUST0123,000226,P0043,2023-06-02,1
CUST0160,000227,P0315,2023-06-02,1
CUST0246,000237,P0310,2023-06-03,1
CUST0486,000192,P0268,2023-06-04,1
CUST0123,000226,P0488,2023-06-04,1
CUST0674,000245,P0336,2023-06-06,1
CUST0399,000215,P0340,2023-06-08,2
CUST0160,000227,P0029,2023-06-08,1
CUST0984,000202,P0048,2023-06-09,2
CUST0912,000241,P0345,2023-06-09,1
CUST0388,000231,P0003,2023-06-10,1
CUST0622,000247,P0244,2023-06-10,1
CUST0388,000231,P0022,2023-06-11,2
CUST0326,000239,P0476,2023-06-11,1
CUST0736,000230,P0308,2023-06-12,1
CUST0296,000243,P0259,2023-06-12,1
CUST0674,000245,P0394,2023-06-12,1
CUST0622,000247,P0072,2023-06-12,1
CUST0670,000248,P0308,2023-06-12,2
CUST0123,000226,P0114,2023-06-13,1
CUST0160,000227,P0112,2023-06-13,1
CUST0670,000248,P0352,2023-06-13,1
CUST0026,000242,P0285,2023-06-14,1
CUST0220,000257,P0158,2023-06-14,1
CUST0912,000241,P0135,2023-06-16,1
CUST0912,000241,P0372,2023-06-16,1
CUST0004,000259,P0226,2023-06-17,1
CUST0955,000260,P0251,2023-06-17,1
CUST0821,000267,P0310,2023-06-17,1
CUST0912,000258,P0047,2023-06-18,1
CUST0955,000260,P0250,2023-06-18,1
CUST0484,000252,P0313,2023-06-20,1
CUST0798,000263,P0263,2023-06-20,1
CUST0035,000272,P0071,2023-06-22,1
CUST0799,000274,P0100,2023-06-22,1
CUST0386,000282,P0131,2023-06-22,1
CUST0326,000239,P0379,2023-06-24,1
CUST0326,000239,P0494,2023-06-25,1
CUST0735,000277,P0038,2023-06-25,1
CUST0649,000234,P0159,2023-06-26,1
CUST0114,000279,P0007,2023-06-27,1
CUST0551,000287,P0363,2023-06-27,1
CUST0026,000242,P0230,2023-06-28,1
CUST0982,000285,P0265,2023-06-28,1
CUST0283,000299,P0230,2023-06-28,1
CUST0114,000279,P0380,2023-06-29,1
CUST0398,000295,P0238,2023-06-29,1
CUST0643,000301,P0122,2023-06-29,1
CUST0318,000262,P0047,2023-07-01,1
CUST0955,000260,P0233,2023-07-02,1
CUST0486,000276,P0121,2023-07-03,1
CUST0327,000281,P0226,2023-07-04,1
CUST0301,000300,P0382,2023-07-04,1
CUST0848,000313,P0006,2023-07-04,2
CUST0982,000315,P0202,2023-07-04,1
CUST0686,000302,P0246,2023-07-05,1
CUST0248,000309,P0108,2023-07-05,2
CUST0541,000318,P0029,2023-07-05,1
CUST0541,000322,P0352,2023-07-05,1
CUST0318,000262,P0250,2023-07-06,1
CUST0551,000287,P0299,2023-07-07,1
CUST0523,000331,P0376,2023-07-07,1
CUST0123,000334,P0004,2023-07-07,1
CUST0863,000297,P0031,2023-07-08,1
CUST0652,000323,P0322,2023-07-08,1
CUST0422,000342,P0395,2023-07-08,1
CUST0982,000285,P0069,2023-07-09,1
CUST0735,000288,P0125,2023-07-09,1
CUST0422,000342,P0341,2023-07-09,1
CUST0114,000279,P0246,2023-07-10,1
CUST0523,000317,P0124,2023-07-10,1
CUST0949,000340,P0047,2023-07-10,2
CUST0879,000347,P0209,2023-07-10,1
CUST0009,000268,P0112,2023-07-11,1
CUST0863,000275,P0161,2023-07-12,1
CUST0114,000279,P0118,2023-07-12,1
CUST0686,000302,P0245,2023-07-12,1
CUST0060,000307,P0198,2023-07-12,1
CUST0283,000329,P0069,2023-07-12,1
CUST0362,000337,P0236,2023-07-12,1
CUST0480,000338,P0250,2023-07-12,1
CUST0979,000348,P0118,2023-07-12,1
CUST0422,000342,P0212,2023-07-13,1
CUST0696,000296,P0310,2023-07-14,1
CUST0803,000326,P0124,2023-07-14,1
CUST0477,000330,P0313,2023-07-14,1
CUST0541,000318,P0347,2023-07-15,1
CUST0013,000354,P0280,2023-07-15,1
CUST0145,000364,P0007,2023-07-15,1
CUST0651,000357,P0131,2023-07-17,1
CUST0134,000362,P0060,2023-07-17,3
CUST0305,000310,P0022,2023-07-18,3
CUST0386,000282,P0251,2023-07-19,1
CUST0315,000311,P0217,2023-07-19,1
CUST0848,000313,P0320,2023-07-19,1
CUST0674,000349,P0347,2023-07-19,1
CUST0673,000366,P0198,2023-07-19,1
CUST0879,000347,P0227,2023-07-20,1
CUST0074,000383,P0371,2023-07-20,1
CUST0979,000298,P0121,2023-07-21,1
CUST0366,000355,P0001,2023-07-21,1
CUST0252,000376,P0315,2023-07-21,1
CUST0735,000380,P0280,2023-07-21,1
CUST0845,000381,P0259,2023-07-22,1
CUST0074,000383,P0310,2023-07-22,1
CUST0293,000390,P0083,2023-07-22,1
CUST0011,000350,P0308,2023-07-23,1
CUST0845,000381,P0187,2023-07-23,2
CUST0696,000394,P0357,2023-07-25,2
CUST0689,000346,P0072,2023-07-26,1
CUST0901,000392,P0193,2023-07-26,1
CUST0901,000392,P0015,2023-07-26,1
CUST0523,000398,P0016,2023-07-26,1
CUST0306,000401,P0197,2023-07-26,1
CUST0651,000357,P0475,2023-07-27,3
CUST0706,000391,P0230,2023-07-27,2
CUST0626,000410,P0116,2023-07-27,1
CUST0901,000392,P0197,2023-07-28,1
CUST0860,000421,P0028,2023-07-28,1
CUST0845,000381,P0110,2023-07-30,2
CUST0246,000384,P0095,2023-07-30,2
CUST0540,000418,P0421,2023-07-30,2
CUST0114,000405,P0030,2023-08-02,1
CUST0155,000429,P0100,2023-08-02,1
CUST0523,000398,P0160,2023-08-03,1
CUST0898,000403,P0262,2023-08-03,1
CUST0892,000408,P0212,2023-08-03,1
CUST0706,000391,P0193,2023-08-04,1
CUST0845,000411,P0065,2023-08-04,1
CUST0732,000424,P0118,2023-08-04,1
CUST0145,000364,P0142,2023-08-07,1
CUST0901,000392,P0094,2023-08-07,1
CUST0879,000395,P0351,2023-08-07,1
CUST0246,000384,P0029,2023-08-08,1
CUST0398,000409,P0218,2023-08-08,1
CUST0114,000405,P0031,2023-08-09,1
CUST0540,000446,P0071,2023-08-09,1
CUST0246,000384,P0357,2023-08-10,1
CUST0511,000427,P0197,2023-08-10,1
CUST0892,000408,P0013,2023-08-11,1
CUST0892,000408,P0012,2023-08-12,1
CUST0892,000408,P0347,2023-08-12,1
CUST0879,000395,P0218,2023-08-13,1
CUST0906,000460,P0354,2023-08-13,1
CUST0280,000396,P0194,2023-08-14,1
CUST0898,000403,P0083,2023-08-14,1
CUST0725,000469,P0054,2023-08-14,1
CUST0550,000473,P0116,2023-08-14,1
CUST0540,000430,P0438,2023-08-16,1
CUST0725,000469,P0158,2023-08-16,1
CUST0046,000480,P0357,2023-08-16,1
CUST0215,000472,P0347,2023-08-17,3
CUST0486,000465,P0259,2023-08-18,1
CUST0386,000482,P0336,2023-08-18,2
CUST0425,000458,P0067,2023-08-20,1
CUST0047,000462,P0346,2023-08-20,1
CUST0927,000484,P0336,2023-08-20,1
CUST0304,000486,P0395,2023-08-20,1
CUST0360,000492,P0264,2023-08-20,2
CUST0845,000490,P0260,2023-08-21,1
CUST0355,000448,P0131,2023-08-22,2
CUST0845,000490,P0251,2023-08-22,1
CUST0762,000442,P0013,2023-08-23,1
CUST0026,000477,P0234,2023-08-23,1
CUST0696,000479,P0309,2023-08-23,1
CUST0360,000492,P0156,2023-08-23,1
CUST0541,000493,P0332,2023-08-24,2
CUST0850,000497,P0470,2023-08-24,1
CUST0047,000462,P0483,2023-08-25,1
CUST0123,000496,P0029,2023-08-27,1
CUST0892,000511,P0211,2023-08-28,1
CUST0215,000472,P0016,2023-08-30,1
CUST0026,000477,P0202,2023-08-30,1
CUST0365,000481,P0159,2023-08-31,1
CUST0448,000502,P0166,2023-08-31,1
CUST0060,000510,P0158,2023-08-31,1
CUST0053,000517,P0014,2023-08-31,1
CUST0220,000447,P0329,2023-09-01,1
CUST0046,000483,P0038,2023-09-01,1
CUST0009,000506,P0030,2023-09-01,1
CUST0053,000517,P0243,2023-09-01,1
CUST0703,000509,P0328,2023-09-02,1
CUST0215,000472,P0072,2023-09-03,1
CUST0189,000495,P0265,2023-09-03,1
CUST0670,000528,P0346,2023-09-03,1
CUST0009,000506,P0034,2023-09-04,1
CUST0558,000520,P0483,2023-09-04,1
CUST0845,000525,P0081,2023-09-04,1
CUST0215,000472,P0160,2023-09-05,1
CUST0046,000483,P0355,2023-09-05,1
CUST0670,000528,P0389,2023-09-05,1
CUST0959,000516,P0262,2023-09-06,1
CUST0829,000470,P0308,2023-09-07,1
CUST0026,000477,P0315,2023-09-07,1
CUST0128,000522,P0395,2023-09-07,1
CUST0703,000524,P0325,2023-09-07,1
CUST0860,000530,P0265,2023-09-07,1
CUST0215,000472,P0313,2023-09-08,1
CUST0026,000477,P0212,2023-09-08,1
CUST0901,000531,P0346,2023-09-08,1
CUST0215,000472,P0114,2023-09-09,1
CUST0645,000504,P0326,2023-09-09,1
CUST0982,000543,P0280,2023-09-09,1
CUST0606,000551,P0303,2023-09-09,1
CUST0670,000528,P0411,2023-09-10,1
CUST0049,000533,P0233,2023-09-10,1
CUST0220,000544,P0310,2023-09-10,1
CUST0590,000489,P0103,2023-09-11,1
CUST0703,000509,P0227,2023-09-11,1
CUST0157,000512,P0346,2023-09-11,1
CUST0850,000538,P0328,2023-09-11,1
CUST0049,000533,P0178,2023-09-12,1
CUST0959,000516,P0266,2023-09-13,1
CUST0123,000546,P0028,2023-09-13,1
CUST0360,000559,P0231,2023-09-13,1
CUST0735,000542,P0191,2023-09-14,1
CUST0892,000557,P0277,2023-09-14,1
CUST0189,000495,P0340,2023-09-15,1
CUST0189,000495,P0258,2023-09-15,2
CUST0364,000555,P0200,2023-09-15,1
CUST0558,000569,P0021,2023-09-15,1
CUST0703,000570,P0383,2023-09-15,1
CUST0670,000528,P0199,2023-09-16,1
CUST0189,000534,P0228,2023-09-16,1
CUST0645,000556,P0443,2023-09-16,1
CUST0651,000565,P0117,2023-09-16,1
CUST0703,000524,P0030,2023-09-17,1
CUST0703,000524,P0355,2023-09-17,4
CUST0318,000548,P0198,2023-09-17,1
CUST0703,000570,P0262,2023-09-17,1
CUST0480,000518,P0347,2023-09-18,1
CUST0850,000538,P0438,2023-09-18,1
CUST0949,000560,P0120,2023-09-18,1
CUST0386,000563,P0156,2023-09-19,1
CUST0063,000550,P0269,2023-09-20,1
CUST0128,000567,P0346,2023-09-20,1
CUST0558,000569,P0276,2023-09-20,4
CUST0703,000579,P0065,2023-09-20,1
CUST0864,000566,P0411,2023-09-21,1
CUST0318,000572,P0176,2023-09-21,1
CUST0676,000549,P0185,2023-09-22,1
CUST0703,000570,P0325,2023-09-23,1
CUST0318,000572,P0233,2023-09-23,1
CUST0735,000542,P0222,2023-09-24,1
CUST0860,000581,P0277,2023-09-24,1
CUST0845,000525,P0044,2023-09-25,1
CUST0075,000580,P0353,2023-09-25,1
CUST0979,000585,P0238,2023-09-25,1
CUST0318,000572,P0247,2023-09-26,1
CUST0306,000605,P0099,2023-09-26,1
CUST0860,000530,P0254,2023-09-27,1
CUST0558,000598,P0116,2023-09-27,1
CUST0670,000528,P0345,2023-09-28,1
CUST0364,000555,P0157,2023-09-29,1
CUST0845,000571,P0028,2023-09-30,1
CUST0674,000607,P0103,2023-09-30,1
CUST0811,000614,P0415,2023-09-30,1
CUST0703,000570,P0045,2023-10-01,1
CUST0703,000579,P0029,2023-10-01,1
CUST0518,000537,P0259,2023-10-02,4
CUST0220,000544,P0373,2023-10-02,1
CUST0066,000609,P0383,2023-10-02,1
CUST0606,000551,P0266,2023-10-03,1
CUST0949,000560,P0197,2023-10-03,1
CUST0696,000599,P0158,2023-10-04,1
CUST0558,000623,P0094,2023-10-04,1
CUST0703,000570,P0247,2023-10-05,1
CUST0892,000557,P0149,2023-10-07,1
CUST0462,000593,P0118,2023-10-08,2
CUST0200,000617,P0230,2023-10-08,4
CUST0327,000633,P0226,2023-10-09,1
CUST0558,000598,P0112,2023-10-10,1
CUST0729,000600,P0474,2023-10-10,1
CUST0066,000609,P0380,2023-10-10,1
CUST0327,000633,P0372,2023-10-11,1
CUST0558,000569,P0079,2023-10-12,1
CUST0306,000605,P0020,2023-10-12,1
CUST0026,000611,P0223,2023-10-12,1
CUST0200,000617,P0365,2023-10-12,1
CUST0389,000634,P0210,2023-10-12,1
CUST0486,000635,P0109,2023-10-12,1
CUST0486,000635,P0251,2023-10-12,1
CUST0710,000642,P0208,2023-10-12,1
CUST0829,000631,P0031,2023-10-13,1
CUST0879,000615,P0236,2023-10-14,1
CUST0059,000616,P0236,2023-10-14,1
CUST0327,000633,P0368,2023-10-14,1
CUST0422,000645,P0403,2023-10-14,1
CUST0558,000623,P0124,2023-10-16,1
CUST0035,000625,P0149,2023-10-17,2
CUST0729,000644,P0325,2023-10-19,3
CUST0710,000654,P0197,2023-10-19,1
CUST0637,000602,P0397,2023-10-20,1
CUST0903,000608,P0451,2023-10-20,1
CUST0696,000661,P0269,2023-10-20,1
CUST0066,000609,P0370,2023-10-21,1
CUST0710,000654,P0266,2023-10-22,1
CUST0165,000670,P0385,2023-10-24,1
CUST0970,000657,P0411,2023-10-25,1
CUST0706,000669,P0330,2023-10-25,1
CUST0165,000670,P0046,2023-10-25,1
CUST0710,000642,P0245,2023-10-27,1
CUST0710,000642,P0231,2023-10-28,1
CUST0710,000642,P0068,2023-10-28,1
CUST0637,000665,P0397,2023-10-28,1
CUST0762,000649,P0254,2023-10-29,1
CUST0970,000657,P0041,2023-10-29,1
CUST0066,000683,P0360,2023-10-30,1
CUST0696,000668,P0405,2023-10-31,1
CUST0773,000689,P0008,2023-10-31,1
CUST0670,000685,P0366,2023-11-01,1
CUST0706,000669,P0059,2023-11-02,1
CUST0066,000683,P0394,2023-11-03,1
CUST0706,000656,P0015,2023-11-04,1
CUST0670,000685,P0376,2023-11-04,2
CUST0066,000683,P0391,2023-11-05,1
CUST0670,000685,P0364,2023-11-05,1
CUST0706,000669,P0153,2023-11-06,1
CUST0670,000685,P0346,2023-11-06,1
CUST0906,000691,P0182,2023-11-06,1
CUST0906,000691,P0204,2023-11-06,1
CUST0901,000704,P0331,2023-11-07,4
CUST0706,000669,P0070,2023-11-08,1
CUST0879,000708,P0148,2023-11-08,1
CUST0706,000669,P0071,2023-11-09,1
CUST0128,000702,P0147,2023-11-09,1
CUST0066,000683,P0383,2023-11-10,1
CUST0703,000686,P0326,2023-11-10,1
CUST0201,000712,P0247,2023-11-10,1
CUST0670,000685,P0403,2023-11-11,1
CUST0059,000710,P0198,2023-11-11,1
CUST0903,000674,P0206,2023-11-12,1
CUST0670,000679,P0395,2023-11-12,1
CUST0201,000712,P0394,2023-11-12,1
CUST0763,000721,P0278,2023-11-12,1
CUST0649,000695,P0278,2023-11-13,1
CUST0327,000733,P0230,2023-11-13,1
CUST0670,000685,P0410,2023-11-14,1
CUST0799,000696,P0124,2023-11-14,2
CUST0703,000730,P0247,2023-11-14,1
CUST0892,000735,P0222,2023-11-14,1
CUST0059,000710,P0166,2023-11-15,1
CUST0856,000722,P0280,2023-11-16,1
CUST0689,000740,P0279,2023-11-16,1
CUST0128,000675,P0364,2023-11-17,1
CUST0315,000699,P0315,2023-11-17,2
CUST0970,000701,P0059,2023-11-17,1
CUST0879,000708,P0275,2023-11-17,1
CUST0689,000740,P0342,2023-11-17,1
CUST0016,000727,P0238,2023-11-18,1
CUST0280,000743,P0407,2023-11-18,1
CUST0296,000748,P0250,2023-11-18,1
CUST0799,000750,P0015,2023-11-18,1
CUST0649,000695,P0192,2023-11-19,1
CUST0059,000710,P0158,2023-11-19,3
CUST0850,000717,P0346,2023-11-19,1
CUST0795,000690,P0069,2023-11-20,1
CUST0850,000717,P0214,2023-11-21,1
CUST0009,000765,P0417,2023-11-21,1
CUST0296,000748,P0054,2023-11-22,1
CUST0289,000732,P0381,2023-11-23,1
CUST0763,000734,P0336,2023-11-23,1
CUST0649,000772,P0008,2023-11-23,1
CUST0984,000776,P0192,2023-11-23,1
CUST0726,000763,P0118,2023-11-24,1
CUST0196,000693,P0047,2023-11-25,1
CUST0901,000704,P0396,2023-11-25,1
CUST0850,000717,P0476,2023-11-25,1
CUST0171,000725,P0158,2023-11-25,1
CUST0660,000773,P0217,2023-11-25,1
CUST0660,000773,P0234,2023-11-25,1
CUST0278,000779,P0195,2023-11-25,1
CUST0680,000798,P0083,2023-11-25,2
CUST0892,000735,P0125,2023-11-26,1
CUST0735,000736,P0247,2023-11-26,1
CUST0196,000778,P0007,2023-11-26,1
CUST0278,000779,P0210,2023-11-26,2
CUST0152,000805,P0378,2023-11-26,1
CUST0271,000807,P0163,2023-11-26,1
CUST0892,000735,P0261,2023-11-27,1
CUST0751,000783,P0092,2023-11-27,1
CUST0670,000801,P0419,2023-11-27,1
CUST0136,000761,P0137,2023-11-28,1
CUST0908,000803,P0083,2023-11-28,1
CUST0200,000825,P0443,2023-11-28,3
CUST0651,000837,P0158,2023-11-28,1
CUST0651,000738,P0158,2023-11-29,1
CUST0941,000764,P0410,2023-11-29,1
CUST0255,000806,P0457,2023-11-29,1
CUST0427,000796,P0029,2023-11-30,1
CUST0171,000813,P0079,2023-11-30,1
CUST0674,000829,P0039,2023-11-30,1
CUST0327,000835,P0363,2023-11-30,1
CUST0670,000801,P0316,2023-12-01,1
CUST0059,000710,P0178,2023-12-02,1
CUST0386,000716,P0139,2023-12-02,1
CUST0703,000730,P0158,2023-12-02,1
CUST0152,000824,P0374,2023-12-02,1
CUST0879,000852,P0260,2023-12-02,1
CUST0927,000746,P0233,2023-12-03,1
CUST0083,000812,P0371,2023-12-03,1
CUST0863,000831,P0029,2023-12-03,1
CUST0651,000837,P0404,2023-12-03,1
CUST0422,000842,P0380,2023-12-03,1
CUST0555,000856,P0277,2023-12-03,2
CUST0722,000857,P0372,2023-12-03,1
CUST0196,000778,P0151,2023-12-04,1
CUST0152,000805,P0153,2023-12-04,1
CUST0616,000809,P0374,2023-12-04,1
CUST0884,000811,P0378,2023-12-04,1
CUST0114,000832,P0408,2023-12-04,1
CUST0422,000842,P0395,2023-12-04,1
CUST0422,000842,P0403,2023-12-04,1
CUST0823,000858,P0022,2023-12-04,1
CUST0586,000875,P0230,2023-12-04,1
CUST0586,000875,P0276,2023-12-04,3
CUST0941,000759,P0371,2023-12-05,1
CUST0680,000798,P0347,2023-12-05,1
CUST0171,000813,P0398,2023-12-05,1
CUST0220,000841,P0357,2023-12-05,1
CUST0763,000844,P0288,2023-12-05,1
CUST0879,000852,P0222,2023-12-05,1
CUST0823,000858,P0350,2023-12-05,1
CUST0757,000876,P0325,2023-12-05,1
CUST0083,000812,P0357,2023-12-06,1
CUST0366,000853,P0276,2023-12-06,1
CUST0887,000724,P0048,2023-12-07,1
CUST0296,000748,P0237,2023-12-07,1
CUST0555,000856,P0245,2023-12-07,1
CUST0035,000866,P0413,2023-12-07,1
CUST0157,000867,P0297,2023-12-07,1
CUST0246,000870,P0233,2023-12-07,1
CUST0486,000873,P0268,2023-12-07,1
CUST0011,000766,P0001,2023-12-08,1
CUST0388,000854,P0120,2023-12-08,1
CUST0289,000901,P0298,2023-12-08,2
CUST0386,000902,P0282,2023-12-08,1
CUST0837,000913,P0260,2023-12-08,1
CUST0837,000913,P0249,2023-12-08,1
CUST0892,000735,P0022,2023-12-09,1
CUST0149,000790,P0245,2023-12-09,1
CUST0114,000832,P0229,2023-12-09,1
CUST0196,000880,P0046,2023-12-09,1
CUST0052,000894,P0306,2023-12-09,1
CUST0837,000913,P0209,2023-12-09,1
CUST0722,000857,P0376,2023-12-10,1
CUST0837,000913,P0266,2023-12-10,1
CUST0160,000916,P0197,2023-12-10,1
CUST0365,000917,P0235,2023-12-10,1
CUST0255,000806,P0180,2023-12-11,1
CUST0365,000917,P0315,2023-12-11,1
CUST0768,000810,P0397,2023-12-12,1
CUST0301,000871,P0377,2023-12-12,1
CUST0052,000894,P0333,2023-12-12,1
CUST0551,000904,P0346,2023-12-12,1
CUST0815,000909,P0350,2023-12-12,1
CUST0365,000917,P0195,2023-12-12,1
CUST0795,000907,P0005,2023-12-13,1
CUST0815,000940,P0355,2023-12-13,1
CUST0719,000850,P0443,2023-12-14,1
CUST0486,000862,P0238,2023-12-14,1
CUST0145,000900,P0380,2023-12-14,1
CUST0815,000940,P0226,2023-12-14,1
CUST0949,000948,P0085,2023-12-14,2
CUST0823,000858,P0331,2023-12-15,2
CUST0301,000871,P0370,2023-12-15,1
CUST0815,000909,P0333,2023-12-15,1
CUST0107,000910,P0078,2023-12-15,1
CUST0837,000913,P0225,2023-12-15,1
CUST0640,000928,P0086,2023-12-15,1
CUST0815,000940,P0412,2023-12-15,1
CUST0984,000776,P0158,2023-12-16,2
CUST0388,000854,P0021,2023-12-16,1
CUST0083,000879,P0226,2023-12-16,1
CUST0515,000927,P0269,2023-12-16,1
CUST0879,000947,P0264,2023-12-16,1
CUST0879,000947,P0329,2023-12-16,1
CUST0523,000960,P0068,2023-12-16,1
CUST0481,000966,P0383,2023-12-16,1
CUST0850,000972,P0221,2023-12-16,1
CUST0908,000803,P0124,2023-12-17,1
CUST0287,000814,P0394,2023-12-17,1
CUST0152,000824,P0373,2023-12-17,1
CUST0246,000870,P0362,2023-12-17,1
CUST0486,000873,P0410,2023-12-17,1
CUST0912,000898,P0375,2023-12-17,1
CUST0551,000904,P0265,2023-12-17,1
CUST0984,000914,P0118,2023-12-17,1
CUST0726,000930,P0325,2023-12-17,1
CUST0019,000931,P0085,2023-12-17,1
CUST0815,000940,P0347,2023-12-17,1
CUST0726,000953,P0162,2023-12-17,1
CUST0362,000848,P0158,2023-12-18,1
CUST0200,000934,P0092,2023-12-18,1
CUST0710,000946,P0222,2023-12-18,1
CUST0306,000965,P0086,2023-12-18,1
CUST0515,000836,P0247,2023-12-19,2
CUST0541,000863,P0209,2023-12-19,1
CUST0795,000907,P0373,2023-12-19,1
CUST0215,000924,P0347,2023-12-19,1
CUST0675,000961,P0410,2023-12-19,1
CUST0200,001001,P0415,2023-12-19,1
CUST0933,001007,P0347,2023-12-19,1
CUST0979,001008,P0048,2023-12-19,1
CUST0515,000836,P0168,2023-12-20,1
CUST0586,000875,P0202,2023-12-20,1
CUST0912,000898,P0379,2023-12-20,1
CUST0879,000947,P0178,2023-12-20,1
CUST0217,000978,P0380,2023-12-20,1
CUST0563,000994,P0111,2023-12-20,1
CUST0280,000881,P0395,2023-12-21,1
CUST0083,000932,P0387,2023-12-21,1
CUST0558,000983,P0180,2023-12-21,1
CUST0362,000848,P0254,2023-12-22,1
CUST0719,000850,P0197,2023-12-22,1
CUST0551,000904,P0412,2023-12-22,1
CUST0465,000959,P0383,2023-12-22,1
CUST0933,001007,P0299,2023-12-22,1
CUST0062,001016,P0377,2023-12-22,1
CUST0674,001021,P0405,2023-12-22,1
CUST0651,000837,P0351,2023-12-23,1
CUST0107,000910,P0280,2023-12-23,1
CUST0815,000940,P0280,2023-12-23,1
CUST0850,000972,P0265,2023-12-23,1
CUST0246,000979,P0380,2023-12-23,1
CUST0246,000979,P0309,2023-12-23,1
CUST0553,000982,P0340,2023-12-23,1
CUST0066,001000,P0355,2023-12-23,4
CUST0500,000849,P0404,2023-12-24,1
CUST0107,000910,P0138,2023-12-24,1
CUST0640,000928,P0069,2023-12-24,1
CUST0982,000974,P0226,2023-12-24,1
CUST0060,000988,P0158,2023-12-24,1
CUST0651,001006,P0158,2023-12-24,2
CUST0933,001007,P0308,2023-12-24,2
CUST0845,001036,P0247,2023-12-24,1
CUST0160,000916,P0158,2023-12-25,1
CUST0860,000941,P0248,2023-12-25,1
CUST0726,000953,P0177,2023-12-25,1
CUST0675,000961,P0070,2023-12-25,1
CUST0558,001004,P0162,2023-12-25,1
CUST0674,001021,P0045,2023-12-25,1
CUST0862,001029,P0355,2023-12-25,2
CUST0246,000870,P0138,2023-12-26,1
CUST0378,000944,P0265,2023-12-26,1
CUST0289,000991,P0158,2023-12-26,1
CUST0799,001015,P0365,2023-12-26,1
CUST0052,000861,P0336,2023-12-27,1
CUST0558,000983,P0197,2023-12-27,2
CUST0060,000988,P0396,2023-12-27,1
CUST0304,001017,P0410,2023-12-27,1
CUST0555,001034,P0251,2023-12-27,1
CUST0807,000955,P0245,2023-12-28,1
CUST0060,000988,P0367,2023-12-28,1
CUST0979,000998,P0158,2023-12-28,1
CUST0751,001053,P0116,2023-12-28,1
CUST0301,000871,P0395,2023-12-29,1
CUST0266,001011,P0047,2023-12-29,4
CUST0555,001034,P0253,2023-12-29,1
CUST0253,001047,P0478,2023-12-29,1
CUST0481,000966,P0396,2023-12-30,1
CUST0799,001015,P0153,2023-12-31,1
CUST0464,001019,P0230,2023-12-31,1
CUST0278,001040,P0054,2023-12-31,1
CUST0558,001042,P0261,2023-12-31,4
CUST0850,001044,P0340,2023-12-31,1
CUST0155,001062,P0100,2023-12-31,1
CUST0215,000924,P0256,2024-01-01,1
CUST0083,000989,P0230,2024-01-01,1
CUST0199,000990,P0247,2024-01-01,4
CUST0863,001059,P0369,2024-01-01,1
CUST0837,000913,P0079,2024-01-02,2
CUST0768,000963,P0420,2024-01-02,1
CUST0696,000970,P0347,2024-01-02,1
CUST0979,000998,P0347,2024-01-02,1
CUST0355,001048,P0015,2024-01-02,1
CUST0862,001054,P0349,2024-01-02,1
CUST0722,001065,P0417,2024-01-02,1
CUST0465,000959,P0398,2024-01-03,1
CUST0541,000993,P0293,2024-01-03,2
CUST0979,000998,P0127,2024-01-03,1
CUST0253,001047,P0241,2024-01-03,1
CUST0278,001084,P0175,2024-01-03,1
CUST0220,001089,P0404,2024-01-03,1
CUST0555,001034,P0335,2024-01-04,2
CUST0215,000924,P0335,2024-01-05,1
CUST0823,000997,P0402,2024-01-05,1
CUST0015,001060,P0254,2024-01-05,1
CUST0278,001084,P0108,2024-01-05,1
CUST0727,001086,P0285,2024-01-05,1
CUST0062,001099,P0391,2024-01-05,1
CUST0440,001106,P0197,2024-01-05,1
CUST0680,001111,P0380,2024-01-05,1
CUST0289,001101,P0048,2024-01-06,1
CUST0726,000930,P0144,2024-01-07,1
CUST0283,000957,P0376,2024-01-07,1
CUST0151,001038,P0275,2024-01-07,1
CUST0980,001075,P0103,2024-01-07,3
CUST0315,001102,P0280,2024-01-07,1
CUST0035,001116,P0191,2024-01-07,1
CUST0563,001118,P0247,2024-01-07,1
CUST0979,001137,P0056,2024-01-07,1
CUST0424,000935,P0336,2024-01-08,1
CUST0253,000943,P0158,2024-01-08,1
CUST0544,001052,P0372,2024-01-08,1
CUST0729,001079,P0255,2024-01-08,1
CUST0712,001112,P0033,2024-01-08,1
CUST0366,001129,P0140,2024-01-08,1
CUST0863,000956,P0233,2024-01-09,1
CUST0060,000988,P0397,2024-01-09,1
CUST0160,001031,P0402,2024-01-09,1
CUST0845,001036,P0158,2024-01-09,1
CUST0465,001077,P0346,2024-01-09,1
CUST0358,001104,P0210,2024-01-09,1
CUST0563,001133,P0054,2024-01-09,1
CUST0979,001137,P0158,2024-01-09,1
CUST0478,001141,P0355,2024-01-09,1
CUST0563,001142,P0416,2024-01-09,1
CUST0191,001146,P0376,2024-01-09,1
CUST0972,001051,P0138,2024-01-10,1
CUST0653,001064,P0310,2024-01-10,1
CUST0315,001102,P0279,2024-01-10,1
CUST0315,001102,P0226,2024-01-10,1
CUST0063,001127,P0371,2024-01-10,1
CUST0215,001147,P0353,2024-01-10,1
CUST0355,001048,P0153,2024-01-11,1
CUST0980,001097,P0190,2024-01-11,1
CUST0327,001103,P0380,2024-01-11,1
CUST0749,001113,P0227,2024-01-11,1
CUST0060,000988,P0087,2024-01-12,1
CUST0862,001054,P0245,2024-01-12,1
CUST0563,001133,P0370,2024-01-12,1
CUST0879,001136,P0351,2024-01-12,1
CUST0289,001101,P0122,2024-01-13,1
CUST0563,001133,P0380,2024-01-13,1
CUST0850,001156,P0331,2024-01-13,2
CUST0289,001101,P0083,2024-01-14,1
CUST0561,001108,P0227,2024-01-14,1
CUST0314,001139,P0215,2024-01-14,2
CUST0935,001174,P0217,2024-01-14,1
CUST0726,001184,P0168,2024-01-14,1
CUST0515,001181,P0247,2024-01-15,1
CUST0674,001192,P0158,2024-01-15,2
CUST0015,001060,P0247,2024-01-16,1
CUST0789,001080,P0173,2024-01-16,1
CUST0533,001091,P0389,2024-01-16,1
CUST0749,001113,P0238,2024-01-16,1
CUST0563,001118,P0158,2024-01-16,1
CUST0503,001155,P0047,2024-01-16,2
CUST0860,001157,P0230,2024-01-16,1
CUST0284,001160,P0100,2024-01-16,1
CUST0284,001179,P0217,2024-01-16,1
CUST0719,001183,P0074,2024-01-16,1
CUST0558,001170,P0167,2024-01-17,1
CUST0726,001184,P0158,2024-01-17,1
CUST0593,001190,P0116,2024-01-17,1
CUST0053,001200,P0337,2024-01-17,2
CUST0378,001210,P0226,2024-01-17,1
CUST0533,001213,P0374,2024-01-17,1
CUST0315,001102,P0277,2024-01-18,1
CUST0979,001175,P0137,2024-01-18,1
CUST0398,001201,P0190,2024-01-18,1
CUST0933,001208,P0325,2024-01-18,1
CUST0933,001208,P0330,2024-01-18,1
CUST0378,001210,P0290,2024-01-18,1
CUST0424,001212,P0398,2024-01-18,1
CUST0200,001046,P0112,2024-01-19,1
CUST0673,001057,P0198,2024-01-19,1
CUST0494,001107,P0047,2024-01-19,2
CUST0679,001121,P0210,2024-01-19,1
CUST0424,001140,P0326,2024-01-19,1
CUST0053,001200,P0387,2024-01-19,1
CUST0485,001222,P0250,2024-01-19,1
CUST0635,001072,P0057,2024-01-20,1
CUST0160,001117,P0337,2024-01-20,1
CUST0478,001141,P0333,2024-01-20,1
CUST0465,001153,P0362,2024-01-20,1
CUST0933,001208,P0226,2024-01-20,1
CUST0366,001129,P0124,2024-01-21,1
CUST0196,001158,P0404,2024-01-21,1
CUST0285,001251,P0293,2024-01-21,1
CUST0674,001255,P0247,2024-01-21,1
CUST0424,001131,P0394,2024-01-22,1
CUST0649,001134,P0169,2024-01-22,1
CUST0688,001215,P0014,2024-01-22,1
CUST0979,001145,P0289,2024-01-23,1
CUST0674,001150,P0380,2024-01-23,1
CUST0558,001230,P0208,2024-01-23,1
CUST0860,001231,P0373,2024-01-23,1
CUST0220,001250,P0298,2024-01-23,1
CUST0763,001257,P0241,2024-01-23,1
CUST0533,001091,P0092,2024-01-24,1
CUST0196,001158,P0158,2024-01-24,1
CUST0059,001209,P0244,2024-01-24,1
CUST0059,001209,P0096,2024-01-24,1
CUST0563,001239,P0475,2024-01-24,1
CUST0157,001249,P0346,2024-01-24,1
CUST0372,001252,P0377,2024-01-24,1
CUST0674,001255,P0178,2024-01-24,2
CUST0863,001263,P0299,2024-01-24,1
CUST0398,001273,P0262,2024-01-24,1
CUST0494,001107,P0141,2024-01-25,1
CUST0811,001124,P0373,2024-01-25,1
CUST0593,001190,P0167,2024-01-25,1
CUST0660,001206,P0384,2024-01-25,1
CUST0735,001275,P0365,2024-01-25,2
CUST0732,001123,P0158,2024-01-26,1
CUST0378,001210,P0280,2024-01-26,1
CUST0098,001234,P0362,2024-01-26,1
CUST0949,001247,P0369,2024-01-26,1
CUST0157,001249,P0308,2024-01-26,5
CUST0711,001256,P0346,2024-01-26,1
CUST0879,001258,P0275,2024-01-26,1
CUST0301,001280,P0404,2024-01-26,1
CUST0906,001288,P0222,2024-01-26,1
CUST0544,001290,P0158,2024-01-26,1
CUST0887,001199,P0440,2024-01-27,1
CUST0645,001241,P0371,2024-01-27,1
CUST0850,001244,P0332,2024-01-27,1
CUST0949,001247,P0176,2024-01-27,2
CUST0941,001276,P0242,2024-01-27,1
CUST0289,001279,P0347,2024-01-27,1
CUST0544,001290,P0269,2024-01-27,1
CUST0689,001295,P0173,2024-01-27,1
CUST0558,001170,P0154,2024-01-28,1
CUST0863,001173,P0409,2024-01-28,1
CUST0631,001224,P0034,2024-01-28,1
CUST0933,001271,P0376,2024-01-28,1
CUST0541,001283,P0275,2024-01-28,1
CUST0689,001295,P0112,2024-01-28,1
CUST0727,001086,P0226,2024-01-29,1
CUST0246,001138,P0396,2024-01-29,1
CUST0551,001169,P0355,2024-01-29,1
CUST0933,001208,P0346,2024-01-29,1
CUST0387,001211,P0122,2024-01-29,1
CUST0157,001249,P0032,2024-01-29,1
CUST0289,001279,P0081,2024-01-29,1
CUST0555,001292,P0275,2024-01-29,1
CUST0523,001293,P0041,2024-01-29,1
CUST0689,001295,P0297,2024-01-29,2
CUST0387,001300,P0347,2024-01-29,1
CUST0387,001300,P0256,2024-01-29,1
CUST0215,001147,P0347,2024-01-30,3
CUST0016,001176,P0356,2024-01-30,2
CUST0887,001207,P0404,2024-01-30,1
CUST0074,001226,P0405,2024-01-30,1
CUST0879,001258,P0302,2024-01-30,1
CUST0517,001282,P0241,2024-01-30,1
CUST0561,001108,P0370,2024-01-31,1
CUST0906,001115,P0230,2024-01-31,1
CUST0563,001118,P0062,2024-01-31,1
CUST0935,001174,P0197,2024-01-31,1
CUST0735,001275,P0330,2024-01-31,1
CUST0553,001291,P0197,2024-01-31,1
CUST0696,001306,P0336,2024-01-31,1
CUST0016,001308,P0325,2024-01-31,1
CUST0696,001122,P0388,2024-02-01,1
CUST0933,001208,P0228,2024-02-01,1
CUST0387,001211,P0336,2024-02-01,1
CUST0510,001281,P0158,2024-02-01,1
CUST0695,001312,P0226,2024-02-01,1
CUST0387,001321,P0356,2024-02-01,1
CUST0074,001226,P0310,2024-02-02,1
CUST0220,001159,P0325,2024-02-03,1
CUST0083,001177,P0381,2024-02-03,1
CUST0059,001209,P0158,2024-02-03,1
CUST0674,001255,P0135,2024-02-03,1
CUST0510,001281,P0047,2024-02-03,1
CUST0387,001300,P0244,2024-02-03,1
CUST0860,001157,P0211,2024-02-04,1
CUST0378,001210,P0346,2024-02-04,1
CUST0660,001225,P0283,2024-02-04,1
CUST0920,001246,P0500,2024-02-05,2
CUST0735,001275,P0251,2024-02-05,1
CUST0019,001277,P0111,2024-02-05,1
CUST0246,001309,P0179,2024-02-05,1
CUST0635,001317,P0364,2024-02-05,2
CUST0688,001215,P0311,2024-02-06,1
CUST0552,001229,P0229,2024-02-06,1
CUST0289,001279,P0416,2024-02-06,1
CUST0782,001326,P0343,2024-02-06,1
CUST0425,001333,P0377,2024-02-07,1
CUST0558,001352,P0013,2024-02-07,1
CUST0016,001194,P0310,2024-02-08,1
CUST0879,001258,P0329,2024-02-08,1
CUST0649,001294,P0054,2024-02-08,1
CUST0933,001271,P0304,2024-02-09,2
CUST0555,001292,P0233,2024-02-09,1
CUST0949,001247,P0054,2024-02-10,1
CUST0674,001346,P0029,2024-02-10,1
CUST0289,001279,P0093,2024-02-11,1
CUST0168,001364,P0277,2024-02-11,1
CUST0558,001352,P0001,2024-02-12,1
CUST0558,001366,P0261,2024-02-12,1
CUST0205,001264,P0298,2024-02-13,1
CUST0933,001271,P0337,2024-02-13,1
CUST0782,001331,P0339,2024-02-13,1
CUST0036,001339,P0217,2024-02-13,1
CUST0558,001366,P0150,2024-02-13,2
CUST0926,001363,P0346,2024-02-14,1
CUST0424,001374,P0247,2024-02-14,1
CUST0581,001356,P0186,2024-02-15,1
CUST0926,001363,P0395,2024-02-15,1
CUST0544,001284,P0238,2024-02-16,1
CUST0019,001358,P0399,2024-02-16,1
CUST0523,001359,P0013,2024-02-16,1
CUST0635,001361,P0277,2024-02-16,1
CUST0306,001365,P0092,2024-02-16,1
CUST0695,001368,P0421,2024-02-16,1
CUST0941,001276,P0427,2024-02-17,1
CUST0146,001373,P0254,2024-02-17,1
CUST0558,001383,P0248,2024-02-17,2
CUST0199,001341,P0372,2024-02-18,1
CUST0312,001349,P0323,2024-02-18,1
CUST0741,001357,P0278,2024-02-18,1
CUST0891,001376,P0064,2024-02-18,1
CUST0541,001378,P0281,2024-02-18,1
CUST0782,001326,P0308,2024-02-19,1
CUST0425,001333,P0036,2024-02-19,1
CUST0846,001342,P0326,2024-02-19,2
CUST0019,001358,P0279,2024-02-19,1
CUST0255,001367,P0048,2024-02-19,1
CUST0339,001371,P0347,2024-02-19,1
CUST0541,001378,P0293,2024-02-19,1
CUST0811,001394,P0364,2024-02-19,1
CUST0941,001276,P0380,2024-02-20,1
CUST0736,001337,P0346,2024-02-20,1
CUST0555,001292,P0231,2024-02-21,4
CUST0541,001378,P0178,2024-02-21,2
CUST0558,001383,P0162,2024-02-21,1
CUST0494,001390,P0044,2024-02-21,1
CUST0795,001393,P0384,2024-02-21,1
CUST0795,001393,P0083,2024-02-22,1
CUST0815,001408,P0346,2024-02-22,1
CUST0799,001347,P0261,2024-02-23,1
CUST0695,001368,P0380,2024-02-23,1
CUST0494,001390,P0119,2024-02-23,1
CUST0066,001404,P0380,2024-02-24,1
CUST0200,001405,P0395,2024-02-24,1
CUST0935,001385,P0169,2024-02-25,1
CUST0136,001413,P0422,2024-02-25,1
CUST0544,001417,P0158,2024-02-25,1
CUST0305,001415,P0230,2024-02-26,1
CUST0866,001425,P0112,2024-02-26,1
CUST0631,001335,P0280,2024-02-27,1
CUST0544,001417,P0047,2024-02-27,1
CUST0306,001365,P0100,2024-02-28,1
CUST0364,001416,P0113,2024-02-28,1
CUST0908,001423,P0094,2024-02-28,1
CUST0782,001331,P0392,2024-02-29,1
CUST0066,001404,P0351,2024-02-29,1
CUST0533,001411,P0389,2024-02-29,1
CUST0798,001400,P0459,2024-03-01,1
CUST0066,001404,P0325,2024-03-01,1
CUST0829,001419,P0280,2024-03-01,1
CUST0901,001434,P0346,2024-03-01,1
CUST0424,001443,P0407,2024-03-01,1
CUST0637,001444,P0197,2024-03-01,1
CUST0558,001383,P0086,2024-03-02,3
CUST0494,001390,P0158,2024-03-02,1
CUST0364,001416,P0183,2024-03-02,2
CUST0517,001437,P0275,2024-03-02,1
CUST0372,001431,P0227,2024-03-03,1
CUST0301,001414,P0247,2024-03-04,1
CUST0364,001416,P0219,2024-03-04,1
CUST0901,001434,P0368,2024-03-04,1
CUST0107,001446,P0182,2024-03-05,1
CUST0837,001454,P0229,2024-03-05,3
CUST0637,001444,P0416,2024-03-06,1
CUST0558,001366,P0352,2024-03-07,1
CUST0926,001384,P0074,2024-03-07,1
CUST0695,001458,P0214,2024-03-07,1
CUST0558,001383,P0197,2024-03-08,1
CUST0815,001408,P0280,2024-03-08,1
CUST0387,001432,P0158,2024-03-08,1
CUST0059,001441,P0267,2024-03-08,5
CUST0424,001443,P0099,2024-03-08,1
CUST0327,001427,P0380,2024-03-09,1
CUST0850,001430,P0308,2024-03-09,1
CUST0355,001450,P0087,2024-03-09,1
CUST0066,001404,P0369,2024-03-10,1
CUST0301,001414,P0275,2024-03-10,1
CUST0009,001459,P0068,2024-03-10,1
CUST0387,001462,P0158,2024-03-10,1
CUST0189,001466,P0221,2024-03-10,1
CUST0363,001471,P0339,2024-03-11,1
CUST0379,001406,P0389,2024-03-12,1
CUST0866,001425,P0087,2024-03-12,1
CUST0696,001474,P0380,2024-03-12,1
CUST0795,001393,P0410,2024-03-13,1
CUST0009,001459,P0486,2024-03-13,2
CUST0696,001474,P0329,2024-03-13,1
CUST0829,001397,P0022,2024-03-14,1
CUST0372,001431,P0275,2024-03-14,1
CUST0901,001434,P0153,2024-03-14,1
CUST0846,001465,P0394,2024-03-14,1
CUST0543,001482,P0116,2024-03-14,1
CUST0225,001435,P0414,2024-03-15,1
CUST0107,001446,P0022,2024-03-15,1
CUST0317,001479,P0099,2024-03-15,1
CUST0517,001437,P0277,2024-03-16,1
CUST0735,001452,P0370,2024-03-16,1
CUST0098,001470,P0030,2024-03-16,1
CUST0866,001425,P0280,2024-03-18,3
CUST0059,001441,P0108,2024-03-18,2
CUST0892,001496,P0118,2024-03-18,4
CUST0484,001509,P0229,2024-03-18,1
CUST0913,001490,P0268,2024-03-19,1
CUST0196,001498,P0029,2024-03-19,1
CUST0315,001499,P0280,2024-03-19,1
CUST0484,001509,P0214,2024-03-19,1
CUST0892,001496,P0017,2024-03-20,1
CUST0196,001498,P0160,2024-03-20,1
CUST0696,001501,P0255,2024-03-20,1
CUST0484,001509,P0259,2024-03-20,1
CUST0651,001512,P0158,2024-03-21,1
CUST0544,001472,P0218,2024-03-22,1
CUST0327,001493,P0069,2024-03-22,1
CUST0196,001498,P0106,2024-03-22,4
CUST0651,001512,P0369,2024-03-22,1
CUST0879,001522,P0246,2024-03-22,1
CUST0920,001475,P0247,2024-03-23,1
CUST0892,001496,P0085,2024-03-23,1
CUST0501,001504,P0136,2024-03-23,1
CUST0515,001516,P0247,2024-03-23,1
CUST0355,001450,P0074,2024-03-24,1
CUST0541,001438,P0358,2024-03-25,1
CUST0836,001513,P0116,2024-03-25,1
CUST0465,001531,P0347,2024-03-25,1
CUST0327,001533,P0208,2024-03-25,1
CUST0515,001481,P0233,2024-03-26,1
CUST0633,001494,P0443,2024-03-26,1
CUST0959,001520,P0277,2024-03-26,1
CUST0596,001500,P0262,2024-03-27,1
CUST0365,001534,P0054,2024-03-27,1
CUST0741,001495,P0275,2024-03-28,1
CUST0196,001498,P0129,2024-03-28,1
CUST0301,001558,P0381,2024-03-29,1
CUST0317,001479,P0158,2024-03-30,1
CUST0389,001508,P0228,2024-03-30,1
CUST0365,001534,P0236,2024-03-30,1
CUST0480,001560,P0138,2024-03-30,1
CUST0640,001552,P0204,2024-03-31,1
CUST0538,001568,P0158,2024-03-31,1
CUST0387,001462,P0325,2024-04-01,1
CUST0484,001509,P0307,2024-04-01,1
CUST0160,001545,P0141,2024-04-01,1
CUST0710,001553,P0265,2024-04-01,1
CUST0550,001569,P0167,2024-04-01,1
CUST0189,001466,P0265,2024-04-02,1
CUST0317,001479,P0146,2024-04-02,1
CUST0850,001514,P0346,2024-04-02,1
CUST0650,001521,P0408,2024-04-02,1
CUST0710,001553,P0230,2024-04-03,1
CUST0515,001516,P0275,2024-04-04,1
CUST0044,001477,P0210,2024-04-05,1
CUST0465,001531,P0371,2024-04-05,1
CUST0365,001534,P0190,2024-04-05,1
CUST0811,001543,P0306,2024-04-05,1
CUST0202,001529,P0369,2024-04-06,1
CUST0083,001576,P0354,2024-04-06,1
CUST0872,001587,P0357,2024-04-06,1
CUST0465,001531,P0474,2024-04-07,2
CUST0215,001567,P0312,2024-04-07,1
CUST0918,001575,P0251,2024-04-07,1
CUST0860,001580,P0280,2024-04-07,1
CUST0913,001589,P0278,2024-04-07,1
CUST0651,001512,P0087,2024-04-08,1
CUST0465,001531,P0472,2024-04-08,1
CUST0523,001564,P0178,2024-04-08,1
CUST0952,001594,P0158,2024-04-08,1
CUST0253,001581,P0158,2024-04-09,1
CUST0913,001589,P0220,2024-04-09,1
CUST0952,001594,P0149,2024-04-09,1
CUST0952,001594,P0106,2024-04-09,1
CUST0703,001592,P0175,2024-04-10,1
CUST0360,001607,P0218,2024-04-10,1
CUST0380,001573,P0204,2024-04-11,1
CUST0398,001590,P0259,2024-04-11,1
CUST0952,001599,P0098,2024-04-11,1
CUST0036,001600,P0199,2024-04-11,1
CUST0845,001620,P0210,2024-04-11,1
CUST0811,001548,P0082,2024-04-12,1
CUST0215,001567,P0310,2024-04-12,1
CUST0952,001594,P0089,2024-04-12,1
CUST0360,001607,P0227,2024-04-12,1
CUST0165,001625,P0099,2024-04-12,1
CUST0952,001594,P0080,2024-04-15,1
CUST0201,001613,P0278,2024-04-15,1
CUST0747,001623,P0129,2024-04-15,1
CUST0128,001572,P0421,2024-04-16,1
CUST0128,001572,P0373,2024-04-16,1
CUST0380,001573,P0280,2024-04-16,1
CUST0860,001580,P0245,2024-04-16,1
CUST0631,001597,P0053,2024-04-16,1
CUST0360,001607,P0278,2024-04-16,1
CUST0200,001615,P0346,2024-04-16,1
CUST0403,001631,P0409,2024-04-16,1
CUST0200,001584,P0197,2024-04-17,1
CUST0879,001588,P0227,2024-04-17,1
CUST0387,001630,P0302,2024-04-17,1
CUST0651,001639,P0030,2024-04-17,1
CUST0799,001640,P0159,2024-04-17,1
CUST0649,001647,P0160,2024-04-17,1
CUST0903,001556,P0304,2024-04-18,2
CUST0062,001628,P0357,2024-04-18,4
CUST0531,001651,P0273,2024-04-18,1
CUST0677,001648,P0289,2024-04-19,1
CUST0215,001567,P0326,2024-04-20,1
CUST0939,001593,P0227,2024-04-20,1
CUST0741,001605,P0158,2024-04-20,1
CUST0927,001632,P0209,2024-04-20,2
CUST0811,001643,P0125,2024-04-20,1
CUST0360,001607,P0279,2024-04-21,3
CUST0403,001631,P0457,2024-04-21,1
CUST0952,001660,P0158,2024-04-21,1
CUST0143,001550,P0046,2024-04-22,1
CUST0901,001669,P0197,2024-04-22,3
CUST0710,001553,P0212,2024-04-23,1
CUST0982,001661,P0245,2024-04-23,1
CUST0128,001566,P0389,2024-04-24,1
CUST0044,001655,P0233,2024-04-24,1
CUST0982,001621,P0248,2024-04-25,1
CUST0167,001629,P0071,2024-04-25,1
CUST0387,001630,P0247,2024-04-25,1
CUST0367,001642,P0100,2024-04-25,1
CUST0498,001667,P0245,2024-04-25,1
CUST0538,001568,P0460,2024-04-26,2
CUST0558,001663,P0350,2024-04-26,1
CUST0367,001675,P0069,2024-04-26,1
CUST0695,001652,P0279,2024-04-27,1
CUST0799,001659,P0139,2024-04-27,1
CUST0952,001660,P0031,2024-04-27,1
CUST0824,001664,P0178,2024-04-27,1
CUST0255,001666,P0198,2024-04-27,1
CUST0083,001686,P0367,2024-04-27,1
CUST0860,001580,P0412,2024-04-28,1
CUST0165,001625,P0011,2024-04-28,1
CUST0651,001639,P0269,2024-04-28,1
CUST0763,001658,P0033,2024-04-28,3
CUST0824,001664,P0101,2024-04-28,1
CUST0691,001696,P0215,2024-04-29,1
CUST0651,001639,P0185,2024-04-30,1
CUST0642,001692,P0222,2024-04-30,1
CUST0193,001694,P0250,2024-04-30,2
CUST0255,001699,P0280,2024-04-30,1
CUST0372,001702,P0192,2024-04-30,1
CUST0811,001643,P0112,2024-05-01,1
CUST0044,001655,P0270,2024-05-01,2
CUST0631,001691,P0221,2024-05-01,1
CUST0424,001703,P0158,2024-05-01,1
CUST0498,001667,P0166,2024-05-02,3
CUST0626,001677,P0074,2024-05-02,1
CUST0193,001701,P0347,2024-05-02,1
CUST0558,001711,P0125,2024-05-02,1
CUST0202,001714,P0175,2024-05-02,3
CUST0367,001675,P0153,2024-05-03,2
CUST0815,001678,P0297,2024-05-03,1
CUST0255,001679,P0277,2024-05-03,1
CUST0691,001696,P0208,2024-05-03,1
CUST0691,001696,P0242,2024-05-03,1
CUST0386,001710,P0019,2024-05-03,1
CUST0202,001714,P0155,2024-05-03,1
CUST0062,001662,P0008,2024-05-04,1
CUST0114,001717,P0126,2024-05-04,1
CUST0823,001610,P0332,2024-05-05,1
CUST0901,001669,P0029,2024-05-05,1
CUST0255,001699,P0082,2024-05-05,1
CUST0901,001669,P0274,2024-05-06,1
CUST0626,001677,P0191,2024-05-06,1
CUST0490,001704,P0197,2024-05-06,1
CUST0824,001664,P0106,2024-05-07,1
CUST0613,001673,P0035,2024-05-07,1
CUST0631,001691,P0201,2024-05-07,4
CUST0541,001737,P0235,2024-05-08,1
CUST0062,001628,P0198,2024-05-09,1
CUST0631,001691,P0230,2024-05-09,1
CUST0695,001705,P0214,2024-05-09,1
CUST0486,001715,P0260,2024-05-09,1
CUST0715,001731,P0254,2024-05-09,1
CUST0984,001733,P0061,2024-05-09,1
CUST0009,001742,P0248,2024-05-09,1
CUST0044,001665,P0250,2024-05-10,1
CUST0367,001675,P0125,2024-05-10,1
CUST0386,001710,P0233,2024-05-10,1
CUST0695,001705,P0277,2024-05-11,1
CUST0202,001714,P0158,2024-05-11,1
CUST0715,001731,P0315,2024-05-11,1
CUST0768,001738,P0040,2024-05-11,1
CUST0675,001744,P0154,2024-05-11,1
CUST0815,001745,P0359,2024-05-11,2
CUST0885,001644,P0136,2024-05-12,1
CUST0675,001744,P0042,2024-05-12,1
CUST0062,001754,P0242,2024-05-13,1
CUST0145,001765,P0375,2024-05-13,1
CUST0349,001767,P0052,2024-05-13,1
CUST0691,001713,P0287,2024-05-14,1
CUST0165,001772,P0158,2024-05-14,1
CUST0011,001708,P0357,2024-05-15,1
CUST0631,001712,P0036,2024-05-15,1
CUST0691,001713,P0230,2024-05-15,1
CUST0837,001719,P0200,2024-05-15,1
CUST0856,001752,P0350,2024-05-15,3
CUST0735,001757,P0277,2024-05-16,1
CUST0255,001783,P0027,2024-05-16,1
CUST0912,001670,P0198,2024-05-17,1
CUST0062,001754,P0198,2024-05-17,1
CUST0735,001757,P0261,2024-05-17,1
CUST0145,001765,P0300,2024-05-17,1
CUST0255,001679,P0412,2024-05-18,1
CUST0037,001753,P0065,2024-05-18,1
CUST0011,001780,P0354,2024-05-18,1
CUST0681,001795,P0092,2024-05-18,1
CUST0076,001729,P0149,2024-05-19,1
CUST0220,001735,P0231,2024-05-19,1
CUST0165,001772,P0056,2024-05-19,1
CUST0424,001750,P0029,2024-05-20,1
CUST0053,001771,P0475,2024-05-20,1
CUST0083,001776,P0245,2024-05-21,1
CUST0715,001731,P0272,2024-05-22,1
CUST0768,001738,P0313,2024-05-22,1
CUST0523,001791,P0086,2024-05-22,1
CUST0387,001730,P0067,2024-05-23,1
CUST0053,001771,P0230,2024-05-23,1
CUST0365,001785,P0032,2024-05-23,1
CUST0143,001788,P0178,2024-05-23,1
CUST0596,001809,P0269,2024-05-23,1
CUST0372,001702,P0362,2024-05-24,1
CUST0349,001767,P0160,2024-05-24,1
CUST0679,001786,P0315,2024-05-24,1
CUST0715,001815,P0256,2024-05-24,1
CUST0865,001707,P0149,2024-05-25,1
CUST0053,001771,P0421,2024-05-25,1
CUST0053,001771,P0336,2024-05-25,1
CUST0727,001779,P0340,2024-05-25,1
CUST0011,001780,P0346,2024-05-25,1
CUST0365,001785,P0172,2024-05-25,1
CUST0349,001794,P0268,2024-05-25,1
CUST0902,001811,P0245,2024-05-25,1
CUST0726,001818,P0157,2024-05-25,1
CUST0202,001714,P0035,2024-05-26,1
CUST0486,001715,P0277,2024-05-26,1
CUST0365,001785,P0215,2024-05-26,1
CUST0703,001817,P0241,2024-05-26,1
CUST0884,001824,P0350,2024-05-26,1
CUST0155,001789,P0226,2024-05-27,1
CUST0741,001829,P0267,2024-05-27,1
CUST0152,001806,P0395,2024-05-28,1
CUST0596,001809,P0029,2024-05-28,1
CUST0366,001832,P0193,2024-05-28,1
CUST0053,001771,P0352,2024-05-29,1
CUST0304,001790,P0184,2024-05-29,1
CUST0116,001836,P0255,2024-05-29,1
CUST0155,001789,P0162,2024-05-30,1
CUST0902,001811,P0243,2024-05-30,1
CUST0511,001822,P0154,2024-05-31,1
CUST0059,001826,P0277,2024-05-31,2
CUST0741,001829,P0099,2024-05-31,1
CUST0113,001813,P0306,2024-06-01,1
CUST0703,001817,P0166,2024-06-01,1
CUST0059,001826,P0030,2024-06-01,3
CUST0019,001842,P0242,2024-06-01,1
CUST0727,001844,P0354,2024-06-01,1
CUST0515,001851,P0277,2024-06-01,1
CUST0889,001796,P0451,2024-06-02,1
CUST0366,001832,P0230,2024-06-02,1
CUST0305,001846,P0191,2024-06-02,1
CUST0246,001739,P0160,2024-06-03,1
CUST0715,001740,P0223,2024-06-03,1
CUST0596,001809,P0266,2024-06-03,1
CUST0952,001835,P0158,2024-06-03,1
CUST0349,001767,P0083,2024-06-04,1
CUST0349,001794,P0132,2024-06-04,1
CUST0952,001801,P0197,2024-06-04,1
CUST0982,001812,P0053,2024-06-04,1
CUST0059,001826,P0098,2024-06-04,1
CUST0220,001781,P0357,2024-06-06,1
CUST0511,001822,P0005,2024-06-06,1
CUST0763,001823,P0103,2024-06-06,3
CUST0200,001857,P0094,2024-06-06,1
CUST0568,001774,P0270,2024-06-07,1
CUST0523,001791,P0280,2024-06-07,1
CUST0200,001837,P0070,2024-06-07,1
CUST0523,001877,P0071,2024-06-07,1
CUST0677,001878,P0056,2024-06-07,1
CUST0193,001881,P0266,2024-06-08,1
CUST0063,001887,P0170,2024-06-08,1
CUST0703,001897,P0110,2024-06-09,1
CUST0763,001823,P0035,2024-06-10,1
CUST0952,001835,P0005,2024-06-10,1
CUST0695,001864,P0371,2024-06-10,1
CUST0063,001887,P0388,2024-06-10,1
CUST0284,001797,P0112,2024-06-11,1
CUST0735,001841,P0201,2024-06-11,1
CUST0979,001872,P0287,2024-06-11,1
CUST0703,001897,P0166,2024-06-11,1
CUST0703,001897,P0355,2024-06-11,1
CUST0640,001907,P0220,2024-06-11,1
CUST0596,001809,P0333,2024-06-12,1
CUST0116,001836,P0011,2024-06-12,1
CUST0200,001837,P0041,2024-06-12,1
CUST0171,001892,P0416,2024-06-12,1
CUST0703,001897,P0250,2024-06-12,1
CUST0309,001827,P0280,2024-06-13,1
CUST0200,001837,P0042,2024-06-13,1
CUST0703,001840,P0061,2024-06-13,1
CUST0305,001846,P0085,2024-06-13,1
CUST0897,001899,P0486,2024-06-13,1
CUST0681,001863,P0055,2024-06-14,1
CUST0193,001881,P0457,2024-06-14,1
CUST0674,001908,P0029,2024-06-14,1
CUST0288,001858,P0113,2024-06-15,1
CUST0379,001913,P0202,2024-06-15,1
CUST0965,001915,P0007,2024-06-15,1
CUST0965,001915,P0268,2024-06-15,1
CUST0955,001871,P0325,2024-06-16,3
CUST0349,001876,P0031,2024-06-16,1
CUST0171,001892,P0139,2024-06-16,2
CUST0073,001910,P0404,2024-06-17,1
CUST0400,001927,P0260,2024-06-17,1
CUST0484,001929,P0260,2024-06-17,1
CUST0425,001941,P0072,2024-06-17,1
CUST0193,001881,P0030,2024-06-18,2
CUST0045,001933,P0047,2024-06-18,1
CUST0425,001941,P0191,2024-06-18,1
CUST0894,001945,P0024,2024-06-18,1
CUST0982,001812,P0315,2024-06-19,1
CUST0640,001907,P0197,2024-06-19,1
CUST0862,001909,P0443,2024-06-19,1
CUST0073,001910,P0488,2024-06-19,1
CUST0073,001910,P0262,2024-06-19,1
CUST0745,001903,P0337,2024-06-20,1
CUST0400,001927,P0289,2024-06-20,1
CUST0613,001954,P0313,2024-06-20,1
CUST0672,001862,P0198,2024-06-21,3
CUST0955,001871,P0369,2024-06-21,1
CUST0063,001887,P0035,2024-06-21,1
CUST0500,001901,P0236,2024-06-21,1
CUST0260,001926,P0032,2024-06-21,1
CUST0484,001929,P0259,2024-06-21,1
CUST0045,001933,P0005,2024-06-21,1
CUST0468,001946,P0236,2024-06-21,1
CUST0703,001840,P0483,2024-06-22,1
CUST0982,001949,P0222,2024-06-22,1
CUST0897,001899,P0236,2024-06-23,1
CUST0116,001911,P0186,2024-06-23,1
CUST0063,001938,P0028,2024-06-23,1
CUST0613,001943,P0072,2024-06-23,1
CUST0315,001964,P0285,2024-06-23,1
CUST0372,001970,P0250,2024-06-23,1
CUST0160,001874,P0326,2024-06-24,1
CUST0372,001970,P0287,2024-06-24,1
CUST0940,001936,P0198,2024-06-25,2
CUST0980,001937,P0028,2024-06-25,1
CUST0261,001963,P0475,2024-06-25,1
CUST0315,001964,P0290,2024-06-25,1
CUST0345,001965,P0038,2024-06-25,1
CUST0006,001967,P0346,2024-06-25,1
CUST0255,001969,P0153,2024-06-25,1
CUST0387,001978,P0353,2024-06-25,1
CUST0387,001978,P0076,2024-06-25,1
CUST0894,001945,P0313,2024-06-26,1
CUST0327,001996,P0255,2024-06-26,1
CUST0193,001881,P0377,2024-06-27,1
CUST0995,001904,P0475,2024-06-27,1
CUST0741,001919,P0203,2024-06-27,1
CUST0372,001970,P0072,2024-06-27,1
CUST0631,001973,P0074,2024-06-27,1
CUST0517,001988,P0255,2024-06-27,2
CUST0367,002008,P0490,2024-06-27,1
CUST0681,002010,P0022,2024-06-27,1
CUST0886,002012,P0124,2024-06-27,1
CUST0970,001853,P0120,2024-06-28,1
CUST0613,001902,P0065,2024-06-28,2
CUST0541,001942,P0132,2024-06-28,1
CUST0345,001965,P0011,2024-06-28,1
CUST0982,001976,P0116,2024-06-28,1
CUST0837,002001,P0268,2024-06-28,3
CUST0116,001911,P0426,2024-06-29,1
CUST0004,001916,P0254,2024-06-29,1
CUST0533,001930,P0364,2024-06-29,1
CUST0982,001949,P0277,2024-06-29,1
CUST0672,001957,P0268,2024-06-29,1
CUST0448,002018,P0132,2024-06-29,1
CUST0349,001876,P0040,2024-06-30,1
CUST0063,001938,P0186,2024-06-30,1
CUST0345,001965,P0129,2024-06-30,1
CUST0372,002009,P0343,2024-06-30,1
CUST0061,002014,P0139,2024-06-30,3
CUST0425,002027,P0198,2024-06-30,1
CUST0547,002044,P0048,2024-06-30,1
CUST0049,001886,P0347,2024-07-01,1
CUST0631,001961,P0032,2024-07-01,1
CUST0367,002008,P0290,2024-07-01,1
CUST0372,002009,P0255,2024-07-01,1
CUST0468,002028,P0260,2024-07-01,1
CUST0167,002038,P0068,2024-07-01,1
CUST0263,002041,P0112,2024-07-01,1
CUST0495,002043,P0235,2024-07-01,1
CUST0980,001880,P0098,2024-07-02,1
CUST0631,001961,P0346,2024-07-02,1
CUST0372,002009,P0310,2024-07-02,1
CUST0061,002014,P0095,2024-07-02,1
CUST0412,001979,P0001,2024-07-03,1
CUST0515,002030,P0251,2024-07-03,1
CUST0547,002044,P0397,2024-07-03,1
CUST0061,002014,P0033,2024-07-04,1
CUST0515,002030,P0266,2024-07-04,2
CUST0171,002055,P0159,2024-07-04,1
CUST0926,002070,P0354,2024-07-04,1
CUST0345,002076,P0200,2024-07-04,1
CUST0345,002076,P0050,2024-07-04,1
CUST0696,001934,P0355,2024-07-05,1
CUST0672,001957,P0184,2024-07-05,1
CUST0047,002048,P0421,2024-07-05,1
CUST0980,002054,P0198,2024-07-05,1
CUST0414,002066,P0280,2024-07-05,2
CUST0523,002067,P0153,2024-07-05,1
CUST0695,002082,P0271,2024-07-05,1
CUST0695,002082,P0070,2024-07-05,1
CUST0333,002090,P0156,2024-07-05,1
CUST0073,001910,P0255,2024-07-06,1
CUST0038,002005,P0085,2024-07-06,4
CUST0425,002027,P0112,2024-07-06,1
CUST0480,002029,P0349,2024-07-06,1
CUST0255,002088,P0197,2024-07-06,1
CUST0533,001930,P0402,2024-07-07,1
CUST0263,002041,P0340,2024-07-07,2
CUST0879,002051,P0088,2024-07-07,1
CUST0980,002054,P0194,2024-07-07,1
CUST0061,002071,P0031,2024-07-07,5
CUST0345,002076,P0356,2024-07-07,4
CUST0167,002106,P0490,2024-07-07,1
CUST0640,002109,P0203,2024-07-07,2
CUST0402,002119,P0076,2024-07-07,1
CUST0402,002119,P0096,2024-07-07,3
CUST0083,001939,P0265,2024-07-08,2
CUST0837,002001,P0277,2024-07-08,1
CUST0426,002059,P0273,2024-07-08,1
CUST0247,002087,P0191,2024-07-08,1
CUST0850,002097,P0193,2024-07-08,1
CUST0926,002125,P0346,2024-07-08,1
CUST0703,002128,P0420,2024-07-08,1
CUST0591,002019,P0470,2024-07-09,1
CUST0912,002052,P0160,2024-07-09,1
CUST0171,002055,P0147,2024-07-09,1
CUST0414,002066,P0245,2024-07-09,1
CUST0703,002111,P0298,2024-07-09,1
CUST0426,001971,P0251,2024-07-10,1
CUST0263,002041,P0350,2024-07-10,1
CUST0516,002060,P0153,2024-07-10,1
CUST0399,002065,P0346,2024-07-10,1
CUST0414,002066,P0060,2024-07-10,1
CUST0523,002067,P0435,2024-07-10,1
CUST0468,002093,P0250,2024-07-10,1
CUST0850,002097,P0340,2024-07-10,2
CUST0850,002097,P0354,2024-07-10,1
CUST0672,002110,P0098,2024-07-10,1
CUST0556,002133,P0260,2024-07-10,1
CUST0837,002001,P0247,2024-07-11,1
CUST0832,002047,P0197,2024-07-11,2
CUST0035,002103,P0180,2024-07-11,1
CUST0045,001933,P0103,2024-07-12,1
CUST0870,001995,P0450,2024-07-12,1
CUST0301,002089,P0249,2024-07-12,1
CUST0468,002028,P0255,2024-07-13,1
CUST0349,002077,P0273,2024-07-13,1
CUST0349,002077,P0198,2024-07-13,1
CUST0549,002078,P0083,2024-07-13,2
CUST0220,002138,P0347,2024-07-13,1
CUST0365,002166,P0028,2024-07-13,1
CUST0583,001966,P0318,2024-07-14,1
CUST0136,002016,P0280,2024-07-14,1
CUST0448,002018,P0007,2024-07-14,1
CUST0167,002038,P0347,2024-07-14,3
CUST0296,002042,P0280,2024-07-14,1
CUST0640,002068,P0003,2024-07-14,1
CUST0402,002119,P0200,2024-07-14,1
CUST0879,002124,P0287,2024-07-14,1
CUST0558,002146,P0024,2024-07-14,1
CUST0695,002148,P0059,2024-07-14,1
CUST0456,002157,P0230,2024-07-14,1
CUST0083,001950,P0154,2024-07-15,1
CUST0107,001951,P0232,2024-07-15,1
CUST0613,001954,P0333,2024-07-15,1
CUST0966,002034,P0336,2024-07-15,1
CUST0247,002087,P0398,2024-07-15,1
CUST0402,002119,P0063,2024-07-15,1
CUST0217,002137,P0436,2024-07-15,1
CUST0060,002152,P0132,2024-07-15,1
CUST0195,002154,P0146,2024-07-15,1
CUST0263,002187,P0024,2024-07-15,1
CUST0992,002013,P0320,2024-07-16,1
CUST0349,002077,P0236,2024-07-16,1
CUST0053,002084,P0315,2024-07-16,1
CUST0130,002085,P0212,2024-07-16,1
CUST0167,002106,P0032,2024-07-16,1
CUST0061,002130,P0005,2024-07-16,1
CUST0214,002056,P0347,2024-07-17,1
CUST0850,002097,P0494,2024-07-17,1
CUST0652,002147,P0347,2024-07-17,1
CUST0235,002156,P0139,2024-07-17,1
CUST0954,002175,P0236,2024-07-17,1
CUST0862,002183,P0261,2024-07-17,1
CUST0596,002206,P0095,2024-07-17,1
CUST0327,001996,P0176,2024-07-18,1
CUST0912,002052,P0077,2024-07-18,1
CUST0695,002082,P0280,2024-07-18,1
CUST0061,002130,P0065,2024-07-18,1
CUST0860,002199,P0222,2024-07-18,2
CUST0703,002217,P0011,2024-07-18,1
CUST0672,002110,P0156,2024-07-19,1
CUST0413,002120,P0339,2024-07-19,1
CUST0605,002122,P0285,2024-07-19,1
CUST0879,002124,P0178,2024-07-19,1
CUST0081,002153,P0306,2024-07-19,1
CUST0255,002177,P0162,2024-07-19,1
CUST0220,002194,P0320,2024-07-19,1
CUST0870,002207,P0272,2024-07-19,3
CUST0595,002215,P0333,2024-07-19,1
CUST0202,001991,P0118,2024-07-20,1
CUST0515,002030,P0278,2024-07-20,1
CUST0640,002081,P0154,2024-07-20,1
CUST0136,002114,P0299,2024-07-20,1
CUST0402,002167,P0158,2024-07-20,1
CUST0954,002175,P0251,2024-07-20,1
CUST0799,002182,P0024,2024-07-20,1
CUST0263,002187,P0100,2024-07-20,4
CUST0741,002191,P0251,2024-07-20,1
CUST0248,002195,P0071,2024-07-20,1
CUST0332,002204,P0133,2024-07-20,1
CUST0870,002207,P0273,2024-07-20,1
CUST0715,002218,P0083,2024-07-20,1
CUST0840,002236,P0095,2024-07-20,1
CUST0199,002022,P0236,2024-07-21,1
CUST0703,002111,P0246,2024-07-21,1
CUST0703,002111,P0287,2024-07-21,1
CUST0195,002154,P0250,2024-07-21,1
CUST0540,002169,P0041,2024-07-21,1
CUST0727,002180,P0331,2024-07-21,1
CUST0901,002237,P0221,2024-07-21,1
CUST0032,002004,P0160,2024-07-22,1
CUST0372,002009,P0287,2024-07-22,1
CUST0481,002197,P0442,2024-07-22,1
CUST0815,002198,P0308,2024-07-22,3
CUST0345,002224,P0054,2024-07-22,1
CUST0328,002251,P0345,2024-07-22,1
CUST0402,002119,P0036,2024-07-23,1
CUST0959,002139,P0062,2024-07-23,1
CUST0879,002184,P0310,2024-07-23,1
CUST0220,002194,P0353,2024-07-23,1
CUST0715,002225,P0242,2024-07-23,1
CUST0749,002227,P0269,2024-07-23,1
CUST0522,002233,P0065,2024-07-23,1
CUST0695,002082,P0217,2024-07-24,1
CUST0640,002109,P0162,2024-07-24,1
CUST0387,002205,P0313,2024-07-24,1
CUST0715,002218,P0476,2024-07-24,1
CUST0715,002225,P0053,2024-07-24,2
CUST0774,002255,P0483,2024-07-24,1
CUST0695,002148,P0208,2024-07-25,1
CUST0879,002173,P0048,2024-07-25,1
CUST0862,002183,P0242,2024-07-25,1
CUST0357,002212,P0129,2024-07-25,1
CUST0386,002213,P0268,2024-07-25,1
CUST0679,002216,P0259,2024-07-25,1
CUST0220,002222,P0300,2024-07-25,2
CUST0508,002243,P0251,2024-07-25,1
CUST0184,002253,P0063,2024-07-25,2
CUST0377,002257,P0260,2024-07-25,1
CUST0205,002221,P0313,2024-07-26,1
CUST0774,002228,P0131,2024-07-26,1
CUST0901,002237,P0332,2024-07-26,4
CUST0167,002256,P0071,2024-07-26,1
CUST0980,002140,P0047,2024-07-28,1
CUST0540,002169,P0451,2024-07-28,1
CUST0954,002175,P0273,2024-07-28,1
CUST0595,002215,P0047,2024-07-28,3
CUST0096,002230,P0094,2024-07-28,2
CUST0187,002250,P0377,2024-07-28,1
CUST0774,002255,P0164,2024-07-28,1
CUST0703,002128,P0221,2024-07-29,2
CUST0918,002174,P0273,2024-07-29,1
CUST0309,002203,P0352,2024-07-29,1
CUST0595,002215,P0056,2024-07-29,1
CUST0727,002287,P0354,2024-07-29,1
CUST0333,002090,P0135,2024-07-30,1
CUST0456,002157,P0225,2024-07-30,1
CUST0263,002187,P0149,2024-07-30,1
CUST0510,002189,P0004,2024-07-30,1
CUST0595,002215,P0266,2024-07-30,1
CUST0116,002220,P0005,2024-07-30,1
CUST0220,002222,P0298,2024-07-30,1
CUST0096,002230,P0185,2024-07-30,1
CUST0715,002286,P0153,2024-07-30,1
CUST0362,002296,P0227,2024-07-30,1
CUST0235,002156,P0007,2024-07-31,1
CUST0596,002206,P0209,2024-07-31,1
CUST0019,002238,P0092,2024-07-31,1
CUST0187,002250,P0229,2024-07-31,1
CUST0640,002254,P0136,2024-07-31,1
CUST0053,002084,P0226,2024-08-01,1
CUST0870,002207,P0094,2024-08-01,1
CUST0081,002264,P0382,2024-08-01,1
CUST0193,002280,P0369,2024-08-01,1
CUST0495,002308,P0301,2024-08-01,1
CUST0954,002175,P0259,2024-08-02,1
CUST0840,002236,P0047,2024-08-02,1
CUST0236,002265,P0112,2024-08-02,1
CUST0955,002278,P0326,2024-08-02,1
CUST0160,002305,P0070,2024-08-02,1
CUST0132,002313,P0198,2024-08-02,1
CUST0104,002289,P0065,2024-08-03,1
CUST0160,002305,P0092,2024-08-03,1
CUST0345,002320,P0318,2024-08-03,2
CUST0596,002206,P0029,2024-08-04,1
CUST0558,002327,P0154,2024-08-04,1
CUST0345,002224,P0050,2024-08-05,1
CUST0807,002269,P0242,2024-08-05,1
CUST0136,002318,P0475,2024-08-05,1
CUST0879,002324,P0258,2024-08-06,1
CUST0168,002211,P0213,2024-08-07,1
CUST0167,002271,P0124,2024-08-07,1
CUST0355,002274,P0346,2024-08-07,1
CUST0160,002305,P0346,2024-08-07,1
CUST0480,002322,P0325,2024-08-07,2
CUST0563,002263,P0159,2024-08-08,2
CUST0167,002271,P0082,2024-08-08,1
CUST0901,002260,P0265,2024-08-09,1
CUST0982,002288,P0280,2024-08-09,1
CUST0081,002311,P0152,2024-08-09,1
CUST0324,002334,P0331,2024-08-09,1
CUST0563,002351,P0266,2024-08-09,1
CUST0377,002257,P0251,2024-08-10,1
CUST0901,002260,P0085,2024-08-10,1
CUST0751,002328,P0034,2024-08-10,1
CUST0906,002329,P0491,2024-08-10,1
CUST0558,002336,P0158,2024-08-10,1
CUST0860,002354,P0208,2024-08-10,1
CUST0193,002356,P0259,2024-08-10,1
CUST0596,002206,P0408,2024-08-11,1
CUST0982,002288,P0063,2024-08-11,1
CUST0686,002332,P0268,2024-08-11,1
CUST0686,002332,P0210,2024-08-11,1
CUST0113,002346,P0204,2024-08-11,1
CUST0193,002356,P0262,2024-08-11,1
CUST0799,002365,P0280,2024-08-11,1
CUST0982,002288,P0230,2024-08-12,1
CUST0160,002305,P0232,2024-08-12,1
CUST0799,002352,P0217,2024-08-13,1
CUST0532,002369,P0451,2024-08-13,1
CUST0098,002374,P0008,2024-08-13,1
CUST0098,002374,P0052,2024-08-13,1
CUST0081,002264,P0159,2024-08-14,1
CUST0547,002291,P0118,2024-08-14,2
CUST0761,002309,P0348,2024-08-14,1
CUST0879,002324,P0236,2024-08-14,1
CUST0558,002336,P0121,2024-08-14,3
CUST0038,002338,P0230,2024-08-14,1
CUST0113,002346,P0350,2024-08-14,1
CUST0799,002352,P0020,2024-08-14,1
CUST0532,002369,P0099,2024-08-14,1
CUST0098,002374,P0038,2024-08-14,1
CUST0523,002387,P0212,2024-08-14,1
CUST0712,002389,P0357,2024-08-14,1
CUST0167,002271,P0488,2024-08-15,4
CUST0246,002295,P0174,2024-08-15,1
CUST0906,002329,P0222,2024-08-15,1
CUST0455,002343,P0491,2024-08-15,1
CUST0421,002378,P0347,2024-08-15,1
CUST0103,002239,P0311,2024-08-16,1
CUST0362,002296,P0288,2024-08-16,1
CUST0558,002327,P0112,2024-08-16,1
CUST0664,002337,P0152,2024-08-16,1
CUST0114,002339,P0134,2024-08-16,1
CUST0113,002346,P0116,2024-08-16,1
CUST0345,002320,P0129,2024-08-17,1
CUST0387,002361,P0262,2024-08-17,1
CUST0148,002325,P0287,2024-08-18,1
CUST0686,002332,P0255,2024-08-18,1
CUST0703,002379,P0326,2024-08-19,1
CUST0387,002275,P0353,2024-08-20,1
CUST0255,002281,P0130,2024-08-20,1
CUST0661,002285,P0268,2024-08-20,1
CUST0292,002290,P0082,2024-08-20,1
CUST0906,002329,P0124,2024-08-20,1
CUST0149,002375,P0295,2024-08-20,1
CUST0060,002402,P0079,2024-08-20,1
CUST0954,002293,P0287,2024-08-21,1
CUST0034,002330,P0085,2024-08-21,1
CUST0558,002336,P0217,2024-08-21,1
CUST0809,002276,P0044,2024-08-22,1
CUST0795,002380,P0398,2024-08-22,1
CUST0327,002408,P0324,2024-08-22,1
CUST0912,002355,P0065,2024-08-23,1
CUST0556,002358,P0431,2024-08-23,1
CUST0556,002358,P0029,2024-08-23,1
CUST0145,002407,P0358,2024-08-24,1
CUST0160,002305,P0354,2024-08-25,1
CUST0113,002346,P0315,2024-08-25,1
CUST0703,002379,P0198,2024-08-25,1
CUST0725,002390,P0011,2024-08-25,2
CUST0757,002405,P0218,2024-08-25,1
CUST0425,002362,P0141,2024-08-26,1
CUST0795,002380,P0393,2024-08-26,1
CUST0128,002382,P0082,2024-08-26,1
CUST0640,002415,P0017,2024-08-26,1
CUST0324,002418,P0166,2024-08-26,1
CUST0073,002427,P0256,2024-08-26,1
CUST0674,002363,P0047,2024-08-27,1
CUST0046,002406,P0339,2024-08-27,1
CUST0004,002416,P0217,2024-08-27,1
CUST0468,002441,P0246,2024-08-27,1
CUST0514,002442,P0040,2024-08-27,1
CUST0107,002454,P0041,2024-08-27,2
CUST0938,002333,P0212,2024-08-28,1
CUST0324,002418,P0018,2024-08-28,1
CUST0073,002427,P0031,2024-08-28,1
CUST0060,002402,P0414,2024-08-29,1
CUST0145,002407,P0344,2024-08-29,1
CUST0894,002425,P0103,2024-08-29,1
CUST0163,002465,P0235,2024-08-29,1
CUST0483,002368,P0014,2024-08-30,1
CUST0440,002412,P0355,2024-08-30,1
CUST0060,002402,P0041,2024-08-31,1
CUST0515,002421,P0362,2024-08-31,1
CUST0107,002428,P0094,2024-08-31,1
CUST0514,002442,P0288,2024-08-31,1
CUST0558,002336,P0066,2024-09-01,1
CUST0013,002464,P0060,2024-09-01,1
CUST0324,002334,P0047,2024-09-02,1
CUST0421,002378,P0129,2024-09-02,1
CUST0324,002418,P0198,2024-09-02,1
CUST0073,002427,P0011,2024-09-02,1
CUST0220,002438,P0347,2024-09-02,1
CUST0902,002452,P0279,2024-09-02,1
CUST0163,002465,P0031,2024-09-02,1
CUST0609,002484,P0354,2024-09-02,1
CUST0348,002492,P0352,2024-09-02,1
CUST0348,002492,P0330,2024-09-02,1
CUST0060,002402,P0139,2024-09-03,1
CUST0327,002473,P0255,2024-09-03,1
CUST0902,002452,P0280,2024-09-04,1
CUST0962,002463,P0142,2024-09-04,1
CUST0163,002465,P0210,2024-09-04,1
CUST0046,002406,P0488,2024-09-05,1
CUST0980,002499,P0047,2024-09-05,1
CUST0674,002363,P0030,2024-09-06,1
CUST0556,002434,P0139,2024-09-06,1
CUST0670,002476,P0384,2024-09-06,1
CUST0980,002499,P0193,2024-09-06,2
CUST0263,002509,P0072,2024-09-06,1
CUST0515,002386,P0475,2024-09-07,1
CUST0009,002398,P0082,2024-09-07,1
CUST0632,002497,P0423,2024-09-07,1
CUST0041,002507,P0230,2024-09-07,1
CUST0468,002441,P0233,2024-09-08,1
CUST0107,002454,P0022,2024-09-08,1
CUST0348,002492,P0312,2024-09-08,1
CUST0655,002514,P0271,2024-09-08,1
CUST0009,002398,P0013,2024-09-09,1
CUST0793,002458,P0246,2024-09-09,1
CUST0727,002519,P0411,2024-09-09,1
CUST0556,002434,P0249,2024-09-10,1
CUST0811,002478,P0069,2024-09-10,1
CUST0937,002480,P0295,2024-09-10,1
CUST0163,002465,P0236,2024-09-11,1
CUST0774,002477,P0072,2024-09-11,1
CUST0246,002508,P0186,2024-09-11,1
CUST0585,002525,P0094,2024-09-11,2
CUST0902,002452,P0251,2024-09-12,2
CUST0163,002465,P0209,2024-09-12,1
CUST0681,002503,P0078,2024-09-12,1
CUST0083,002517,P0211,2024-09-12,1
CUST0357,002530,P0247,2024-09-12,1
CUST0107,002454,P0153,2024-09-13,1
CUST0922,002493,P0441,2024-09-13,1
CUST0541,002502,P0265,2024-09-13,1
CUST0604,002526,P0347,2024-09-13,1
CUST0514,002531,P0398,2024-09-13,1
CUST0514,002531,P0381,2024-09-13,1
CUST0846,002547,P0380,2024-09-13,1
CUST0004,002416,P0228,2024-09-14,1
CUST0073,002427,P0259,2024-09-14,1
CUST0922,002493,P0236,2024-09-14,1
CUST0681,002503,P0207,2024-09-14,1
CUST0193,002545,P0454,2024-09-14,1
CUST0357,002439,P0065,2024-09-15,1
CUST0793,002458,P0351,2024-09-15,2
CUST0937,002480,P0346,2024-09-15,1
CUST0655,002514,P0134,2024-09-15,1
CUST0715,002518,P0352,2024-09-15,1
CUST0695,002535,P0212,2024-09-15,1
CUST0846,002547,P0364,2024-09-15,1
CUST0834,002553,P0255,2024-09-15,1
CUST0793,002458,P0273,2024-09-16,1
CUST0763,002561,P0380,2024-09-16,1
CUST0149,002482,P0355,2024-09-17,3
CUST0253,002529,P0497,2024-09-17,1
CUST0769,002536,P0362,2024-09-17,1
CUST0834,002553,P0405,2024-09-17,1
CUST0220,002438,P0329,2024-09-18,1
CUST0715,002456,P0154,2024-09-18,1
CUST0846,002547,P0277,2024-09-18,1
CUST0136,002562,P0409,2024-09-18,1
CUST0173,002563,P0474,2024-09-18,1
CUST0902,002452,P0198,2024-09-19,1
CUST0948,002505,P0201,2024-09-19,1
CUST0083,002517,P0346,2024-09-19,1
CUST0532,002546,P0198,2024-09-19,1
CUST0834,002553,P0259,2024-09-19,3
CUST0215,002522,P0322,2024-09-20,1
CUST0850,002574,P0116,2024-09-20,1
CUST0145,002581,P0246,2024-09-20,2
CUST0759,002583,P0273,2024-09-20,1
CUST0263,002509,P0083,2024-09-21,1
CUST0902,002548,P0220,2024-09-21,1
CUST0763,002566,P0440,2024-09-21,1
CUST0902,002548,P0403,2024-09-22,1
CUST0763,002566,P0380,2024-09-22,1
CUST0488,002571,P0011,2024-09-22,1
CUST0640,002573,P0055,2024-09-22,1
CUST0045,002580,P0081,2024-09-22,1
CUST0145,002581,P0370,2024-09-22,1
CUST0715,002518,P0094,2024-09-23,1
CUST0033,002541,P0295,2024-09-23,1
CUST0541,002577,P0277,2024-09-23,1
CUST0759,002583,P0405,2024-09-23,1
CUST0045,002585,P0056,2024-09-23,1
CUST0613,002592,P0040,2024-09-23,1
CUST0366,002596,P0058,2024-09-23,1
CUST0034,002513,P0041,2024-09-24,1
CUST0045,002585,P0148,2024-09-24,1
CUST0920,002486,P0335,2024-09-25,1
CUST0045,002580,P0083,2024-09-25,2
CUST0741,002602,P0218,2024-09-25,1
CUST0922,002493,P0209,2024-09-26,1
CUST0574,002572,P0349,2024-09-26,1
CUST0538,002576,P0416,2024-09-26,2
CUST0045,002585,P0082,2024-09-26,1
CUST0128,002586,P0069,2024-09-26,1
CUST0913,002598,P0275,2024-09-26,1
CUST0756,002570,P0042,2024-09-27,1
CUST0850,002574,P0404,2024-09-27,1
CUST0162,002590,P0139,2024-09-27,1
CUST0424,002604,P0129,2024-09-27,1
CUST0688,002606,P0402,2024-09-27,1
CUST0348,002492,P0484,2024-09-28,1
CUST0846,002547,P0407,2024-09-28,1
CUST0756,002570,P0020,2024-09-28,1
CUST0756,002570,P0086,2024-09-28,1
CUST0389,002612,P0247,2024-09-28,1
CUST0856,002589,P0339,2024-09-29,1
CUST0366,002596,P0232,2024-09-29,1
CUST0662,002632,P0024,2024-09-29,1
CUST0196,002610,P0158,2024-09-30,1
CUST0955,002614,P0388,2024-09-30,1
CUST0715,002619,P0120,2024-09-30,1
CUST0662,002632,P0403,2024-09-30,1
CUST0741,002602,P0048,2024-10-01,1
CUST0413,002637,P0246,2024-10-01,1
CUST0145,002581,P0118,2024-10-02,1
CUST0951,002599,P0236,2024-10-02,1
CUST0036,002608,P0228,2024-10-02,1
CUST0795,002620,P0144,2024-10-02,1
CUST0413,002637,P0233,2024-10-02,1
CUST0542,002646,P0100,2024-10-02,2
CUST0783,002649,P0443,2024-10-02,1
CUST0482,002652,P0306,2024-10-02,1
CUST0482,002652,P0355,2024-10-02,1
CUST0850,002657,P0408,2024-10-02,1
CUST0708,002588,P0254,2024-10-03,1
CUST0389,002612,P0271,2024-10-03,1
CUST0006,002616,P0025,2024-10-03,1
CUST0006,002616,P0022,2024-10-03,1
CUST0715,002619,P0438,2024-10-03,1
CUST0324,002636,P0158,2024-10-03,1
CUST0301,002651,P0383,2024-10-04,1
CUST0655,002653,P0207,2024-10-04,1
CUST0844,002672,P0377,2024-10-04,1
CUST0756,002570,P0154,2024-10-05,1
CUST0537,002575,P0475,2024-10-05,1
CUST0727,002538,P0346,2024-10-06,2
CUST0974,002615,P0258,2024-10-06,2
CUST0006,002616,P0124,2024-10-06,5
CUST0292,002617,P0082,2024-10-06,1
CUST0640,002626,P0226,2024-10-06,1
CUST0324,002636,P0326,2024-10-06,1
CUST0696,002640,P0236,2024-10-06,1
CUST0220,002666,P0047,2024-10-06,1
CUST0196,002610,P0394,2024-10-07,1
CUST0664,002654,P0034,2024-10-07,1
CUST0366,002669,P0333,2024-10-07,1
CUST0193,002545,P0475,2024-10-08,1
CUST0440,002568,P0305,2024-10-08,1
CUST0838,002633,P0024,2024-10-08,1
CUST0413,002637,P0341,2024-10-08,1
CUST0715,002619,P0378,2024-10-09,1
CUST0305,002622,P0041,2024-10-09,1
CUST0454,002662,P0275,2024-10-09,1
CUST0366,002669,P0041,2024-10-09,1
CUST0844,002672,P0326,2024-10-09,1
CUST0844,002672,P0370,2024-10-09,1
CUST0215,002683,P0351,2024-10-09,1
CUST0265,002661,P0247,2024-10-10,1
CUST0891,002696,P0296,2024-10-10,1
CUST0366,002596,P0100,2024-10-11,1
CUST0695,002682,P0395,2024-10-11,1
CUST0331,002684,P0307,2024-10-11,1
CUST0725,002695,P0151,2024-10-11,3
CUST0301,002698,P0409,2024-10-11,1
CUST0253,002556,P0362,2024-10-12,1
CUST0756,002570,P0083,2024-10-12,1
CUST0045,002585,P0038,2024-10-12,1
CUST0715,002619,P0421,2024-10-12,1
CUST0664,002654,P0041,2024-10-12,1
CUST0454,002662,P0259,2024-10-12,1
CUST0209,002674,P0364,2024-10-12,1
CUST0743,002647,P0038,2024-10-13,1
CUST0488,002571,P0010,2024-10-14,1
CUST0640,002626,P0206,2024-10-14,1
CUST0345,002681,P0397,2024-10-14,1
CUST0879,002685,P0335,2024-10-14,1
CUST0061,002686,P0171,2024-10-15,1
CUST0844,002703,P0301,2024-10-15,1
CUST0870,002709,P0277,2024-10-15,1
CUST0195,002711,P0445,2024-10-15,1
CUST0735,002582,P0271,2024-10-16,1
CUST0538,002639,P0370,2024-10-16,1
CUST0860,002641,P0410,2024-10-16,1
CUST0009,002642,P0295,2024-10-16,1
CUST0366,002669,P0274,2024-10-16,1
CUST0891,002696,P0326,2024-10-16,1
CUST0681,002714,P0191,2024-10-16,1
CUST0195,002711,P0334,2024-10-17,1
CUST0879,002685,P0064,2024-10-18,1
CUST0145,002719,P0371,2024-10-18,1
CUST0558,002726,P0069,2024-10-18,1
CUST0807,002671,P0277,2024-10-20,1
CUST0116,002673,P0247,2024-10-20,1
CUST0967,002741,P0226,2024-10-20,1
CUST0145,002719,P0377,2024-10-21,1
CUST0754,002737,P0158,2024-10-21,1
CUST0688,002606,P0451,2024-10-22,1
CUST0319,002643,P0275,2024-10-22,1
CUST0695,002682,P0350,2024-10-22,2
CUST0331,002684,P0326,2024-10-22,1
CUST0076,002690,P0071,2024-10-22,3
CUST0558,002726,P0070,2024-10-22,1
CUST0844,002672,P0244,2024-10-23,1
CUST0220,002712,P0326,2024-10-23,1
CUST0982,002733,P0277,2024-10-23,1
CUST0454,002740,P0394,2024-10-23,1
CUST0967,002741,P0130,2024-10-23,1
CUST0006,002616,P0490,2024-10-24,1
CUST0807,002671,P0230,2024-10-24,1
CUST0704,002715,P0058,2024-10-24,1
CUST0292,002725,P0078,2024-10-24,1
CUST0823,002728,P0057,2024-10-24,1
CUST0200,002760,P0150,2024-10-24,1
CUST0811,002738,P0364,2024-10-25,1
CUST0967,002741,P0176,2024-10-25,1
CUST0485,002757,P0247,2024-10-25,1
CUST0537,002735,P0325,2024-10-27,1
CUST0703,002774,P0157,2024-10-27,1
CUST0098,002659,P0117,2024-10-28,1
CUST0967,002741,P0261,2024-10-28,1
CUST0542,002772,P0238,2024-10-28,1
CUST0218,002675,P0256,2024-10-29,1
CUST0813,002708,P0371,2024-10-29,1
CUST0034,002734,P0143,2024-10-29,1
CUST0454,002740,P0255,2024-10-29,1
CUST0073,002697,P0218,2024-10-30,1
CUST0807,002784,P0261,2024-10-30,1
CUST0066,002722,P0386,2024-10-31,1
CUST0066,002722,P0406,2024-10-31,1
CUST0200,002760,P0100,2024-10-31,1
CUST0412,002713,P0152,2024-11-01,1
CUST0733,002716,P0050,2024-11-01,1
CUST0695,002766,P0443,2024-11-01,1
CUST0807,002784,P0212,2024-11-01,1
CUST0073,002697,P0246,2024-11-02,1
CUST0098,002729,P0158,2024-11-02,2
CUST0860,002732,P0153,2024-11-02,1
CUST0870,002689,P0032,2024-11-03,1
CUST0516,002693,P0167,2024-11-03,1
CUST0537,002735,P0365,2024-11-03,1
CUST0193,002770,P0269,2024-11-04,2
CUST0703,002781,P0336,2024-11-04,1
CUST0967,002759,P0074,2024-11-05,1
CUST0807,002784,P0230,2024-11-05,1
CUST0967,002741,P0289,2024-11-06,1
CUST0703,002774,P0158,2024-11-06,1
CUST0735,002782,P0364,2024-11-06,1
CUST0198,002794,P0328,2024-11-06,1
CUST0807,002805,P0228,2024-11-06,1
CUST0168,002813,P0266,2024-11-06,1
CUST0720,002721,P0247,2024-11-08,1
CUST0090,002746,P0193,2024-11-08,1
CUST0695,002766,P0226,2024-11-08,2
CUST0967,002793,P0128,2024-11-08,1
CUST0168,002813,P0244,2024-11-08,1
CUST0239,002823,P0226,2024-11-08,3
CUST0672,002796,P0474,2024-11-09,1
CUST0768,002820,P0383,2024-11-09,1
CUST0105,002829,P0160,2024-11-09,1
CUST0193,002830,P0369,2024-11-09,1
CUST0193,002837,P0393,2024-11-09,1
CUST0813,002840,P0407,2024-11-09,1
CUST0407,002756,P0210,2024-11-10,1
CUST0807,002805,P0245,2024-11-10,1
CUST0575,002808,P0120,2024-11-10,2
CUST0735,002832,P0385,2024-11-10,1
CUST0070,002822,P0242,2024-11-11,1
CUST0191,002836,P0395,2024-11-11,1
CUST0005,002842,P0257,2024-11-11,1
CUST0168,002813,P0229,2024-11-12,1
CUST0735,002832,P0204,2024-11-12,1
CUST0133,002845,P0265,2024-11-12,1
CUST0169,002846,P0287,2024-11-12,1
CUST0496,002855,P0346,2024-11-12,1
CUST0643,002862,P0278,2024-11-12,1
CUST0404,002743,P0053,2024-11-13,1
CUST0703,002774,P0359,2024-11-13,3
CUST0807,002805,P0236,2024-11-13,1
CUST0414,002807,P0001,2024-11-13,1
CUST0926,002841,P0247,2024-11-13,1
CUST0430,002848,P0247,2024-11-13,1
CUST0148,002851,P0361,2024-11-13,1
CUST0246,002779,P0198,2024-11-14,1
CUST0037,002828,P0093,2024-11-14,1
CUST0193,002837,P0158,2024-11-14,1
CUST0404,002743,P0410,2024-11-15,1
CUST0193,002830,P0407,2024-11-15,1
CUST0191,002836,P0421,2024-11-15,5
CUST0655,002888,P0228,2024-11-15,1
CUST0148,002851,P0391,2024-11-16,1
CUST0599,002861,P0355,2024-11-16,3
CUST0106,002870,P0245,2024-11-16,1
CUST0267,002873,P0233,2024-11-16,1
CUST0813,002840,P0158,2024-11-17,1
CUST0791,002849,P0347,2024-11-17,1
CUST0976,002902,P0408,2024-11-17,1
CUST0496,002905,P0234,2024-11-17,1
CUST0672,002796,P0010,2024-11-18,1
CUST0704,002797,P0099,2024-11-18,1
CUST0306,002824,P0261,2024-11-18,1
CUST0189,002907,P0393,2024-11-18,1
CUST0379,002854,P0407,2024-11-19,1
CUST0901,002869,P0389,2024-11-19,1
CUST0395,002883,P0370,2024-11-19,1
CUST0673,002892,P0396,2024-11-19,1
CUST0665,002899,P0491,2024-11-19,1
CUST0198,002914,P0158,2024-11-19,1
CUST0366,002919,P0265,2024-11-19,5
CUST0800,002926,P0403,2024-11-19,1
CUST0552,002876,P0189,2024-11-20,1
CUST0606,002887,P0236,2024-11-20,1
CUST0366,002919,P0233,2024-11-20,1
CUST0756,002945,P0414,2024-11-20,1
CUST0804,002946,P0347,2024-11-20,2
CUST0254,002801,P0202,2024-11-21,1
CUST0454,002884,P0362,2024-11-21,1
CUST0606,002887,P0251,2024-11-21,1
CUST0200,002903,P0201,2024-11-21,1
CUST0004,002909,P0201,2024-11-21,1
CUST0074,002913,P0373,2024-11-21,1
CUST0301,002935,P0410,2024-11-21,1
CUST0523,002938,P0012,2024-11-21,1
CUST0652,002941,P0416,2024-11-21,1
CUST0719,002943,P0111,2024-11-21,1
CUST0495,002958,P0054,2024-11-21,1
CUST0863,002810,P0347,2024-11-22,1
CUST0255,002890,P0056,2024-11-22,1
CUST0430,002937,P0275,2024-11-22,1
CUST0727,002944,P0212,2024-11-22,1
CUST0672,002796,P0158,2024-11-23,1
CUST0070,002822,P0373,2024-11-23,1
CUST0561,002827,P0257,2024-11-23,1
CUST0599,002886,P0374,2024-11-23,1
CUST0912,002900,P0124,2024-11-23,1
CUST0375,002920,P0396,2024-11-23,1
CUST0585,002924,P0390,2024-11-23,1
CUST0756,002945,P0143,2024-11-23,1
CUST0083,002950,P0414,2024-11-23,1
CUST0083,002950,P0279,2024-11-23,1
CUST0107,002973,P0275,2024-11-23,1
CUST0324,002978,P0247,2024-11-23,1
CUST0695,002983,P0245,2024-11-23,1
CUST0454,002995,P0058,2024-11-23,1
CUST0844,003005,P0369,2024-11-23,1
CUST0414,002807,P0226,2024-11-24,1
CUST0696,002809,P0475,2024-11-24,1
CUST0674,002925,P0158,2024-11-24,1
CUST0756,002945,P0070,2024-11-24,1
CUST0804,002946,P0407,2024-11-24,1
CUST0523,002960,P0371,2024-11-24,1
CUST0909,002986,P0346,2024-11-24,1
CUST0424,002994,P0391,2024-11-24,1
CUST0823,003003,P0291,2024-11-24,3
CUST0667,002906,P0131,2024-11-25,1
CUST0813,002927,P0405,2024-11-25,1
CUST0253,002975,P0405,2024-11-25,1
CUST0900,003028,P0347,2024-11-25,1
CUST0537,003036,P0021,2024-11-25,1
CUST0710,003039,P0124,2024-11-25,2
CUST0879,003043,P0158,2024-11-25,1
CUST0306,002824,P0112,2024-11-26,1
CUST0220,002932,P0488,2024-11-26,1
CUST0098,002951,P0380,2024-11-26,1
CUST0495,002958,P0087,2024-11-26,1
CUST0070,002972,P0223,2024-11-26,1
CUST0070,002972,P0395,2024-11-26,1
CUST0187,002990,P0047,2024-11-26,1
CUST0823,003003,P0323,2024-11-26,1
CUST0917,003007,P0108,2024-11-26,1
CUST0438,003017,P0223,2024-11-26,1
CUST0900,003028,P0336,2024-11-26,1
CUST0248,002799,P0083,2024-11-27,1
CUST0474,002922,P0277,2024-11-27,2
CUST0913,002928,P0141,2024-11-27,1
CUST0719,002943,P0403,2024-11-27,1
CUST0083,002950,P0368,2024-11-27,1
CUST0098,002951,P0198,2024-11-27,1
CUST0136,002952,P0301,2024-11-27,1
CUST0495,002958,P0157,2024-11-27,2
CUST0514,002959,P0391,2024-11-27,1
CUST0876,002968,P0279,2024-11-27,1
CUST0832,003004,P0024,2024-11-27,1
CUST0041,003012,P0362,2024-11-27,1
CUST0424,003016,P0158,2024-11-27,1
CUST0478,002866,P0325,2024-11-28,1
CUST0727,002944,P0403,2024-11-28,1
CUST0804,002946,P0298,2024-11-28,1
CUST0107,002973,P0197,2024-11-28,1
CUST0250,002974,P0308,2024-11-28,1
CUST0599,002999,P0245,2024-11-28,1
CUST0438,003017,P0226,2024-11-28,1
CUST0626,003025,P0087,2024-11-28,1
CUST0976,003046,P0383,2024-11-28,1
CUST0987,003047,P0394,2024-11-28,1
CUST0399,003053,P0074,2024-11-28,1
CUST0107,003068,P0100,2024-11-28,1
CUST0250,003072,P0310,2024-11-28,1
CUST0692,003081,P0279,2024-11-28,2
CUST0703,003082,P0275,2024-11-28,1
CUST0704,003083,P0095,2024-11-28,1
CUST0025,003089,P0030,2024-11-28,1
CUST0741,003105,P0275,2024-11-28,1
CUST0856,002821,P0280,2024-11-29,1
CUST0655,002888,P0279,2024-11-29,1
CUST0189,002907,P0365,2024-11-29,1
CUST0107,002973,P0018,2024-11-29,1
CUST0695,002983,P0242,2024-11-29,1
CUST0220,002991,P0309,2024-11-29,1
CUST0599,002999,P0285,2024-11-29,1
CUST0674,003000,P0380,2024-11-29,1
CUST0035,003011,P0362,2024-11-29,1
CUST0738,003041,P0380,2024-11-29,1
CUST0051,003066,P0041,2024-11-29,3
CUST0250,003072,P0228,2024-11-29,1
CUST0171,003093,P0029,2024-11-29,1
CUST0389,003119,P0202,2024-11-29,1
CUST0747,003125,P0371,2024-11-29,1
CUST0621,002982,P0242,2024-11-30,2
CUST0681,003001,P0081,2024-11-30,1
CUST0503,003018,P0422,2024-11-30,1
CUST0715,003060,P0152,2024-11-30,4
CUST0359,003075,P0302,2024-11-30,1
CUST0388,003100,P0190,2024-11-30,1
CUST0909,003112,P0411,2024-11-30,1
CUST0662,003133,P0206,2024-11-30,1
CUST0244,002838,P0408,2024-12-01,1
CUST0009,002880,P0016,2024-12-01,1
CUST0366,002919,P0075,2024-12-01,2
CUST0876,002968,P0226,2024-12-01,1
CUST0462,003031,P0275,2024-12-01,1
CUST0489,003056,P0495,2024-12-01,1
CUST0250,003072,P0111,2024-12-01,1
CUST0811,003088,P0211,2024-12-01,1
CUST0035,003090,P0410,2024-12-01,1
CUST0268,003096,P0488,2024-12-01,1
CUST0541,003102,P0355,2024-12-01,1
CUST0799,003109,P0280,2024-12-01,1
CUST0860,003134,P0215,2024-12-01,1
CUST0339,002847,P0256,2024-12-02,2
CUST0098,002951,P0144,2024-12-02,1
CUST0561,002961,P0325,2024-12-02,4
CUST0438,003017,P0265,2024-12-02,1
CUST0462,003031,P0158,2024-12-02,1
CUST0462,003031,P0231,2024-12-02,1
CUST0325,003052,P0431,2024-12-02,1
CUST0809,003086,P0394,2024-12-02,1
CUST0180,003094,P0165,2024-12-02,4
CUST0862,003111,P0310,2024-12-02,1
CUST0537,003121,P0339,2024-12-02,1
CUST0846,003126,P0275,2024-12-02,1
CUST0593,003145,P0100,2024-12-02,1
CUST0593,003145,P0030,2024-12-02,1
CUST0695,003147,P0338,2024-12-02,1
CUST0816,002858,P0422,2024-12-03,1
CUST0813,002966,P0233,2024-12-03,1
CUST0909,002969,P0279,2024-12-03,1
CUST0107,002973,P0241,2024-12-03,2
CUST0112,003049,P0158,2024-12-03,1
CUST0147,003114,P0476,2024-12-03,1
CUST0912,003128,P0186,2024-12-03,1
CUST0026,003143,P0226,2024-12-03,2
CUST0627,003151,P0265,2024-12-03,1
CUST0791,002849,P0370,2024-12-04,1
CUST0715,003040,P0376,2024-12-04,1
CUST0070,003067,P0279,2024-12-04,1
CUST0703,003082,P0158,2024-12-04,1
CUST0268,003096,P0071,2024-12-04,1
CUST0846,003126,P0407,2024-12-04,1
CUST0379,002854,P0398,2024-12-05,1
CUST0018,002929,P0328,2024-12-05,1
CUST0424,002994,P0396,2024-12-05,1
CUST0974,003065,P0395,2024-12-05,1
CUST0107,003068,P0158,2024-12-05,1
CUST0463,003078,P0365,2024-12-05,1
CUST0778,003107,P0340,2024-12-05,1
CUST0901,003127,P0087,2024-12-05,1
CUST0844,003142,P0325,2024-12-05,1
CUST0026,003143,P0245,2024-12-05,1
CUST0715,002857,P0449,2024-12-06,1
CUST0107,002973,P0163,2024-12-06,1
CUST0741,002984,P0407,2024-12-06,1
CUST0599,002999,P0197,2024-12-06,1
CUST0438,003017,P0326,2024-12-06,1
CUST0306,003050,P0197,2024-12-06,1
CUST0359,003075,P0275,2024-12-06,1
CUST0860,003134,P0201,2024-12-06,1
CUST0499,003162,P0227,2024-12-06,1
CUST0490,002957,P0376,2024-12-07,1
CUST0563,003122,P0158,2024-12-07,1
CUST0703,003123,P0394,2024-12-07,1
CUST0380,003160,P0347,2024-12-07,1
CUST0537,003163,P0459,2024-12-07,1
CUST0542,003164,P0133,2024-12-07,2
CUST0542,003164,P0141,2024-12-07,1
CUST0301,003176,P0280,2024-12-07,1
CUST0774,003183,P0158,2024-12-07,1
CUST0098,003204,P0119,2024-12-07,1
CUST0490,002957,P0373,2024-12-08,1
CUST0823,003003,P0346,2024-12-08,1
CUST0466,003129,P0166,2024-12-08,1
CUST0672,003146,P0005,2024-12-08,1
CUST0695,003147,P0236,2024-12-08,1
CUST0561,003225,P0289,2024-12-08,1
CUST0964,003232,P0276,2024-12-08,1
CUST0846,002894,P0060,2024-12-09,1
CUST0913,002928,P0256,2024-12-09,1
CUST0367,002993,P0222,2024-12-09,1
CUST0503,003018,P0122,2024-12-09,1
CUST0200,003071,P0042,2024-12-09,1
CUST0912,003128,P0296,2024-12-09,1
CUST0542,003164,P0340,2024-12-09,1
CUST0982,003173,P0264,2024-12-09,1
CUST0964,003186,P0265,2024-12-09,1
CUST0564,003227,P0251,2024-12-09,1
CUST0954,003247,P0269,2024-12-09,1
CUST0200,002903,P0117,2024-12-10,1
CUST0674,003000,P0158,2024-12-10,1
CUST0489,003056,P0356,2024-12-10,1
CUST0250,003072,P0324,2024-12-10,1
CUST0463,003078,P0245,2024-12-10,1
CUST0171,003093,P0362,2024-12-10,1
CUST0367,003178,P0355,2024-12-10,1
CUST0809,002893,P0247,2024-12-11,2
CUST0324,002978,P0024,2024-12-11,1
CUST0424,002994,P0375,2024-12-11,1
CUST0920,003044,P0326,2024-12-11,3
CUST0809,003086,P0275,2024-12-11,1
CUST0811,003088,P0265,2024-12-11,1
CUST0456,003120,P0274,2024-12-11,1
CUST0846,003126,P0397,2024-12-11,1
CUST0420,003193,P0245,2024-12-11,1
CUST0735,003230,P0414,2024-12-11,1
CUST0964,003232,P0245,2024-12-11,1
CUST0558,003021,P0222,2024-12-12,1
CUST0727,003026,P0414,2024-12-12,1
CUST0627,003198,P0380,2024-12-12,1
CUST0098,003204,P0257,2024-12-12,1
CUST0180,003205,P0058,2024-12-12,1
CUST0196,003206,P0299,2024-12-12,1
CUST0735,003214,P0290,2024-12-12,1
CUST0964,003232,P0230,2024-12-12,1
CUST0388,003237,P0100,2024-12-12,1
CUST0100,003250,P0347,2024-12-12,1
CUST0160,003260,P0208,2024-12-12,1
CUST0558,003266,P0071,2024-12-12,1
CUST0621,002982,P0371,2024-12-13,1
CUST0068,003048,P0313,2024-12-13,1
CUST0070,003067,P0411,2024-12-13,1
CUST0674,003211,P0210,2024-12-13,1
CUST0251,003235,P0245,2024-12-13,1
CUST0114,003275,P0371,2024-12-13,1
CUST0375,002920,P0247,2024-12-14,1
CUST0913,002928,P0247,2024-12-14,2
CUST0083,002950,P0385,2024-12-14,1
CUST0107,003068,P0092,2024-12-14,1
CUST0036,003137,P0388,2024-12-14,1
CUST0763,003215,P0377,2024-12-14,1
CUST0561,003225,P0275,2024-12-14,1
CUST0327,003236,P0364,2024-12-14,1
CUST0327,003236,P0384,2024-12-14,1
CUST0107,003259,P0022,2024-12-14,1
CUST0799,003285,P0371,2024-12-14,1
CUST0052,002949,P0327,2024-12-15,1
CUST0710,003039,P0153,2024-12-15,1
CUST0136,003219,P0362,2024-12-15,1
CUST0964,003232,P0340,2024-12-15,1
CUST0772,003272,P0158,2024-12-15,5
CUST0632,003291,P0030,2024-12-15,1
CUST0167,003298,P0376,2024-12-15,1
CUST0727,003321,P0373,2024-12-15,1
CUST0345,003099,P0275,2024-12-16,1
CUST0160,003260,P0136,2024-12-16,1
CUST0523,003289,P0030,2024-12-16,1
CUST0662,003080,P0190,2024-12-17,1
CUST0804,003141,P0391,2024-12-17,1
CUST0727,003169,P0346,2024-12-17,1
CUST0327,003236,P0419,2024-12-17,1
CUST0107,003259,P0222,2024-12-17,1
CUST0772,003272,P0394,2024-12-17,1
CUST0832,003294,P0100,2024-12-17,1
CUST0324,003314,P0336,2024-12-17,1
CUST0563,003346,P0186,2024-12-17,1
CUST0926,002970,P0120,2024-12-18,1
CUST0051,003066,P0395,2024-12-18,1
CUST0374,003076,P0071,2024-12-18,3
CUST0901,003127,P0116,2024-12-18,2
CUST0499,003162,P0054,2024-12-18,1
CUST0196,003206,P0158,2024-12-18,1
CUST0426,003263,P0247,2024-12-18,1
CUST0772,003272,P0474,2024-12-18,2
CUST0369,003344,P0362,2024-12-18,1
CUST0703,003348,P0310,2024-12-18,1
CUST0844,003005,P0300,2024-12-19,1
CUST0431,003222,P0209,2024-12-19,1
CUST0327,003236,P0215,2024-12-19,1
CUST0136,003277,P0474,2024-12-19,2
CUST0571,003283,P0144,2024-12-19,1
CUST0597,003284,P0370,2024-12-19,1
CUST0480,003318,P0362,2024-12-19,1
CUST0537,003319,P0355,2024-12-19,1
CUST0805,003337,P0112,2024-12-19,1
CUST0621,003369,P0374,2024-12-19,1
CUST0710,003372,P0072,2024-12-19,1
CUST0454,002995,P0266,2024-12-20,1
CUST0599,002999,P0376,2024-12-20,1
CUST0515,003035,P0275,2024-12-20,1
CUST0435,003195,P0328,2024-12-20,1
CUST0555,003224,P0186,2024-12-20,1
CUST0715,003292,P0233,2024-12-20,1
CUST0462,003031,P0038,2024-12-21,1
CUST0456,003120,P0250,2024-12-21,2
CUST0523,003289,P0069,2024-12-21,1
CUST0255,003301,P0074,2024-12-21,1
CUST0722,003320,P0382,2024-12-21,1
CUST0369,003344,P0047,2024-12-21,1
CUST0741,003373,P0233,2024-12-21,1
CUST0913,003376,P0257,2024-12-21,1
CUST0692,003081,P0226,2024-12-22,1
CUST0825,003110,P0248,2024-12-22,1
CUST0627,003198,P0247,2024-12-22,1
CUST0846,003216,P0219,2024-12-22,1
CUST0431,003222,P0278,2024-12-22,1
CUST0555,003224,P0247,2024-12-22,1
CUST0160,003260,P0333,2024-12-22,1
CUST0114,003275,P0377,2024-12-22,1
CUST0571,003283,P0299,2024-12-22,1
CUST0715,003292,P0380,2024-12-22,1
CUST0832,003294,P0153,2024-12-22,1
CUST0722,003320,P0395,2024-12-22,1
CUST0345,003330,P0178,2024-12-22,1
CUST0846,003360,P0397,2024-12-22,1
CUST0537,003385,P0278,2024-12-22,2
CUST0799,003391,P0190,2024-12-22,1
CUST0438,003413,P0207,2024-12-22,1
CUST0537,003059,P0410,2024-12-23,1
CUST0860,003134,P0226,2024-12-23,1
CUST0083,003187,P0308,2024-12-23,1
CUST0846,003216,P0334,2024-12-23,2
CUST0571,003283,P0158,2024-12-23,1
CUST0692,003081,P0191,2024-12-24,1
CUST0697,003167,P0461,2024-12-24,1
CUST0196,003206,P0422,2024-12-24,1
CUST0555,003224,P0210,2024-12-24,2
CUST0035,003233,P0382,2024-12-24,1
CUST0188,003279,P0082,2024-12-24,1
CUST0674,003335,P0074,2024-12-24,1
CUST0703,003348,P0158,2024-12-24,4
CUST0136,003352,P0394,2024-12-24,1
CUST0224,003353,P0254,2024-12-24,1
CUST0846,003360,P0456,2024-12-24,1
CUST0741,003373,P0257,2024-12-24,1
CUST0982,003379,P0261,2024-12-24,1
CUST0158,003407,P0158,2024-12-24,1
CUST0053,003434,P0414,2024-12-24,1
CUST0268,003096,P0083,2024-12-25,1
CUST0334,003117,P0403,2024-12-25,1
CUST0815,003257,P0340,2024-12-25,1
CUST0426,003427,P0380,2024-12-25,1
CUST0223,003435,P0099,2024-12-25,2
CUST0388,003237,P0158,2024-12-26,1
CUST0520,003354,P0142,2024-12-26,2
CUST0703,003371,P0360,2024-12-26,1
CUST0229,003383,P0153,2024-12-26,1
CUST0730,003404,P0325,2024-12-26,3
CUST0158,003407,P0192,2024-12-26,1
CUST0652,003415,P0370,2024-12-26,1
CUST0423,003426,P0100,2024-12-26,1
CUST0223,003435,P0039,2024-12-26,1
CUST0833,003439,P0158,2024-12-26,1
CUST0952,003449,P0174,2024-12-26,1
CUST0804,003141,P0371,2024-12-27,1
CUST0114,003275,P0411,2024-12-27,1
CUST0035,003286,P0366,2024-12-27,1
CUST0651,003307,P0336,2024-12-27,1
CUST0722,003320,P0220,2024-12-27,1
CUST0674,003335,P0158,2024-12-27,1
CUST0926,003364,P0308,2024-12-27,1
CUST0756,003429,P0242,2024-12-27,1
CUST0200,003459,P0395,2024-12-27,1
CUST0970,003258,P0378,2024-12-28,1
CUST0982,003379,P0278,2024-12-28,3
CUST0438,003413,P0158,2024-12-28,1
CUST0423,003426,P0348,2024-12-28,1
CUST0695,003465,P0206,2024-12-28,3
CUST0695,003465,P0208,2024-12-28,1
CUST0695,003465,P0212,2024-12-28,1
CUST0558,003266,P0177,2024-12-29,1
CUST0536,003304,P0346,2024-12-29,1
CUST0345,003330,P0089,2024-12-29,1
CUST0906,003422,P0013,2024-12-29,1
CUST0727,003448,P0292,2024-12-29,1
CUST0009,003467,P0116,2024-12-29,1
CUST0606,003468,P0275,2024-12-29,2
CUST0833,003471,P0158,2024-12-29,1
CUST0964,003186,P0364,2024-12-30,1
CUST0195,003190,P0362,2024-12-30,1
CUST0696,003244,P0227,2024-12-30,1
CUST0100,003250,P0351,2024-12-30,4
CUST0846,003360,P0241,2024-12-30,1
CUST0158,003407,P0233,2024-12-30,1
CUST0423,003426,P0373,2024-12-30,1
CUST0301,003462,P0409,2024-12-30,1
CUST0136,003219,P0339,2024-12-31,1
CUST0571,003283,P0358,2024-12-31,2
CUST0674,003335,P0355,2024-12-31,4
CUST0655,003417,P0279,2024-12-31,1
CUST0913,003433,P0229,2024-12-31,1
CUST0301,003462,P0404,2024-12-31,1
CUST0423,003483,P0217,2024-12-31,1
CUST0423,003483,P0220,2024-12-31,1
CUST0547,003197,P0406,2025-01-01,1
CUST0571,003283,P0394,2025-01-01,1
CUST0620,003447,P0049,2025-01-01,1
CUST0414,003454,P0205,2025-01-01,1
CUST0235,003460,P0407,2025-01-01,1
CUST0135,003496,P0410,2025-01-01,1
CUST0912,003201,P0158,2025-01-02,1
CUST0805,003337,P0324,2025-01-02,1
CUST0629,003476,P0223,2025-01-02,1
CUST0913,003376,P0227,2025-01-03,1
CUST0128,003424,P0391,2025-01-03,1
CUST0073,003494,P0259,2025-01-03,1
CUST0467,003522,P0087,2025-01-03,1
CUST0593,003533,P0068,2025-01-03,1
CUST0776,003535,P0369,2025-01-03,1
CUST0251,003235,P0337,2025-01-04,1
CUST0160,003260,P0330,2025-01-04,1
CUST0558,003266,P0248,2025-01-04,1
CUST0643,003456,P0359,2025-01-04,1
CUST0695,003465,P0374,2025-01-04,1
CUST0850,003490,P0376,2025-01-04,1
CUST0850,003490,P0061,2025-01-04,1
CUST0073,003494,P0256,2025-01-04,1
CUST0364,003498,P0422,2025-01-04,1
CUST0474,003502,P0198,2025-01-04,1
CUST0062,003539,P0268,2025-01-04,1
CUST0035,003286,P0130,2025-01-05,1
CUST0741,003308,P0456,2025-01-05,1
CUST0756,003429,P0047,2025-01-05,1
CUST0454,003485,P0288,2025-01-05,1
CUST0912,003508,P0028,2025-01-05,1
CUST0325,003548,P0405,2025-01-05,1
CUST0423,003549,P0222,2025-01-05,1
CUST0645,003552,P0070,2025-01-05,2
CUST0160,003260,P0197,2025-01-06,1
CUST0438,003413,P0346,2025-01-06,1
CUST0440,003444,P0350,2025-01-06,1
CUST0850,003490,P0125,2025-01-06,1
CUST0162,003519,P0357,2025-01-06,1
CUST0163,003520,P0404,2025-01-06,1
CUST0593,003533,P0197,2025-01-06,1
CUST0448,003455,P0091,2025-01-07,1
CUST0474,003502,P0325,2025-01-07,1
CUST0912,003508,P0104,2025-01-07,2
CUST0549,003516,P0210,2025-01-07,1
CUST0423,003549,P0365,2025-01-07,1
CUST0645,003552,P0308,2025-01-07,1
CUST0515,003582,P0178,2025-01-07,1
CUST0793,003588,P0249,2025-01-07,1
CUST0420,003412,P0208,2025-01-08,4
CUST0009,003458,P0342,2025-01-08,1
CUST0928,003527,P0225,2025-01-08,1
CUST0976,003537,P0226,2025-01-08,1
CUST0817,003545,P0186,2025-01-08,1
CUST0645,003552,P0449,2025-01-08,1
CUST0446,003563,P0128,2025-01-08,1
CUST0446,003563,P0112,2025-01-08,1
CUST0194,003577,P0332,2025-01-08,1
CUST0967,003296,P0192,2025-01-09,1
CUST0448,003455,P0393,2025-01-09,1
CUST0073,003494,P0333,2025-01-09,1
CUST0928,003527,P0244,2025-01-09,1
CUST0593,003533,P0130,2025-01-09,1
CUST0645,003552,P0163,2025-01-09,1
CUST0041,003592,P0094,2025-01-09,1
CUST0060,003593,P0064,2025-01-09,1
CUST0131,003596,P0269,2025-01-09,1
CUST0695,003543,P0265,2025-01-10,1
CUST0817,003545,P0044,2025-01-10,1
CUST0813,003616,P0229,2025-01-10,1
CUST0846,003360,P0377,2025-01-11,1
CUST0602,003504,P0466,2025-01-11,1
CUST0912,003508,P0227,2025-01-11,1
CUST0695,003543,P0206,2025-01-11,1
CUST0793,003588,P0371,2025-01-11,1
CUST0060,003593,P0406,2025-01-11,1
CUST0207,003598,P0158,2025-01-11,1
CUST0599,003630,P0277,2025-01-11,2
CUST0655,003631,P0402,2025-01-11,1
CUST0813,003632,P0275,2025-01-11,1
CUST0367,003641,P0391,2025-01-11,1
CUST0585,003647,P0085,2025-01-11,1
CUST0073,003575,P0158,2025-01-12,3
CUST0793,003588,P0128,2025-01-12,1
CUST0811,003615,P0108,2025-01-12,1
CUST0813,003616,P0293,2025-01-12,1
CUST0387,003642,P0361,2025-01-12,1
CUST0879,003652,P0420,2025-01-12,1
CUST0653,003664,P0370,2025-01-12,1
CUST0653,003401,P0375,2025-01-13,1
CUST0595,003446,P0269,2025-01-13,1
CUST0496,003514,P0449,2025-01-13,1
CUST0032,003590,P0298,2025-01-13,1
CUST0032,003590,P0144,2025-01-13,1
CUST0920,003618,P0238,2025-01-13,1
CUST0070,003622,P0411,2025-01-13,1
CUST0198,003624,P0108,2025-01-13,1
CUST0813,003632,P0225,2025-01-13,1
CUST0901,003634,P0256,2025-01-13,1
CUST0175,003637,P0412,2025-01-13,1
CUST0643,003648,P0328,2025-01-13,1
CUST0809,003680,P0086,2025-01-13,1
CUST0537,003355,P0268,2025-01-14,3
CUST0582,003400,P0256,2025-01-14,1
CUST0643,003456,P0397,2025-01-14,1
CUST0110,003495,P0395,2025-01-14,1
CUST0006,003518,P0107,2025-01-14,1
CUST0817,003545,P0391,2025-01-14,1
CUST0585,003550,P0197,2025-01-14,1
CUST0131,003596,P0385,2025-01-14,1
CUST0175,003637,P0304,2025-01-14,1
CUST0703,003650,P0416,2025-01-14,1
CUST0703,003650,P0299,2025-01-14,2
CUST0011,003653,P0041,2025-01-14,1
CUST0850,003667,P0100,2025-01-14,1
CUST0029,003669,P0269,2025-01-14,1
CUST0110,003670,P0197,2025-01-14,1
CUST0110,003670,P0384,2025-01-14,1
CUST0073,003494,P0218,2025-01-15,1
CUST0081,003594,P0309,2025-01-15,1
CUST0184,003597,P0158,2025-01-15,2
CUST0246,003607,P0309,2025-01-15,1
CUST0387,003642,P0347,2025-01-15,1
CUST0167,003655,P0280,2025-01-15,1
CUST0528,003689,P0253,2025-01-15,1
CUST0595,003691,P0266,2025-01-15,1
CUST0163,003520,P0158,2025-01-16,1
CUST0467,003522,P0280,2025-01-16,1
CUST0576,003612,P0370,2025-01-16,1
CUST0652,003663,P0347,2025-01-16,1
CUST0912,003717,P0326,2025-01-16,1
CUST0220,003723,P0158,2025-01-16,1
CUST0799,003430,P0403,2025-01-17,1
CUST0599,003630,P0234,2025-01-17,1
CUST0809,003680,P0064,2025-01-17,1
CUST0909,003681,P0094,2025-01-17,1
CUST0112,003720,P0198,2025-01-17,1
CUST0220,003723,P0275,2025-01-17,1
CUST0324,003728,P0158,2025-01-17,1
CUST0844,003736,P0325,2025-01-17,1
CUST0043,003744,P0144,2025-01-17,1
CUST0454,003485,P0335,2025-01-18,1
CUST0496,003581,P0265,2025-01-18,1
CUST0375,003609,P0247,2025-01-18,1
CUST0070,003622,P0368,2025-01-18,1
CUST0549,003629,P0277,2025-01-18,1
CUST0387,003642,P0383,2025-01-18,1
CUST0167,003655,P0364,2025-01-18,1
CUST0294,003676,P0376,2025-01-18,1
CUST0909,003681,P0371,2025-01-18,1
CUST0674,003710,P0381,2025-01-18,1
CUST0595,003446,P0268,2025-01-19,1
CUST0073,003494,P0158,2025-01-19,1
CUST0976,003537,P0409,2025-01-19,1
CUST0073,003575,P0233,2025-01-19,1
CUST0558,003677,P0068,2025-01-19,3
CUST0850,003737,P0355,2025-01-19,2
CUST0907,003739,P0275,2025-01-19,1
CUST0305,003747,P0355,2025-01-19,1
CUST0696,003489,P0333,2025-01-20,1
CUST0162,003519,P0227,2025-01-20,1
CUST0976,003537,P0106,2025-01-20,1
CUST0561,003585,P0277,2025-01-20,1
CUST0696,003614,P0205,2025-01-20,1
CUST0439,003627,P0300,2025-01-20,1
CUST0128,003671,P0376,2025-01-20,1
CUST0696,003679,P0028,2025-01-20,1
CUST0397,003729,P0245,2025-01-20,1
CUST0043,003744,P0081,2025-01-20,1
CUST0661,003755,P0261,2025-01-20,5
CUST0657,003801,P0024,2025-01-20,1
CUST0844,003736,P0314,2025-01-21,1
CUST0696,003773,P0158,2025-01-21,1
CUST0976,003784,P0347,2025-01-21,1
CUST0128,003786,P0389,2025-01-21,1
CUST0522,003796,P0247,2025-01-21,1
CUST0522,003796,P0381,2025-01-21,1
CUST0376,003815,P0014,2025-01-21,1
CUST0403,003817,P0394,2025-01-21,1
CUST0537,003487,P0247,2025-01-22,1
CUST0073,003494,P0229,2025-01-22,1
CUST0695,003543,P0212,2025-01-22,1
CUST0590,003604,P0158,2025-01-22,1
CUST0655,003631,P0279,2025-01-22,1
CUST0363,003765,P0355,2025-01-22,2
CUST0260,003778,P0417,2025-01-22,1
CUST0976,003784,P0247,2025-01-22,1
CUST0631,003799,P0308,2025-01-22,1
CUST0200,003459,P0140,2025-01-23,1
CUST0040,003480,P0376,2025-01-23,1
CUST0364,003498,P0351,2025-01-23,1
CUST0918,003509,P0326,2025-01-23,1
CUST0446,003563,P0277,2025-01-23,2
CUST0496,003628,P0376,2025-01-23,1
CUST0703,003650,P0111,2025-01-23,1
CUST0595,003660,P0278,2025-01-23,1
CUST0128,003671,P0189,2025-01-23,3
CUST0175,003672,P0304,2025-01-23,1
CUST0674,003710,P0347,2025-01-23,1
CUST0979,003718,P0247,2025-01-23,1
CUST0232,003724,P0302,2025-01-23,1
CUST0290,003726,P0230,2025-01-23,1
CUST0290,003726,P0456,2025-01-23,1
CUST0414,003730,P0163,2025-01-23,1
CUST0043,003744,P0186,2025-01-23,4
CUST0556,003780,P0004,2025-01-23,1
CUST0376,003815,P0152,2025-01-23,1
CUST0553,003827,P0460,2025-01-23,1
CUST0867,003570,P0396,2025-01-24,1
CUST0876,003617,P0124,2025-01-24,2
CUST0070,003622,P0208,2025-01-24,1
CUST0976,003668,P0377,2025-01-24,1
CUST0414,003730,P0280,2025-01-24,1
CUST0136,003758,P0112,2025-01-24,1
CUST0427,003766,P0047,2025-01-24,1
CUST0544,003770,P0370,2025-01-24,1
CUST0952,003823,P0158,2025-01-24,1
CUST0696,003829,P0325,2025-01-24,1
CUST0692,003839,P0234,2025-01-24,1
CUST0375,003499,P0210,2025-01-25,1
CUST0184,003597,P0420,2025-01-25,1
CUST0043,003744,P0159,2025-01-25,1
CUST0976,003784,P0380,2025-01-25,1
CUST0196,003789,P0326,2025-01-25,1
CUST0850,003804,P0332,2025-01-25,2
CUST0163,003520,P0262,2025-01-26,1
CUST0909,003572,P0403,2025-01-26,1
CUST0220,003723,P0347,2025-01-26,1
CUST0850,003737,P0222,2025-01-26,1
CUST0674,003772,P0131,2025-01-26,1
CUST0595,003781,P0047,2025-01-26,1
CUST0196,003789,P0137,2025-01-26,1
CUST0495,003794,P0072,2025-01-26,3
CUST0541,003798,P0158,2025-01-26,1
CUST0850,003804,P0323,2025-01-26,4
CUST0423,003826,P0265,2025-01-26,1
CUST0423,003826,P0204,2025-01-26,1
CUST0817,003545,P0012,2025-01-27,1
CUST0599,003630,P0221,2025-01-27,1
CUST0462,003643,P0047,2025-01-27,1
CUST0976,003668,P0141,2025-01-27,1
CUST0029,003669,P0275,2025-01-27,1
CUST0220,003723,P0328,2025-01-27,5
CUST0414,003730,P0230,2025-01-27,1
CUST0844,003822,P0336,2025-01-27,1
CUST0423,003826,P0041,2025-01-27,1
CUST0804,003859,P0420,2025-01-27,1
CUST0301,003865,P0376,2025-01-27,1
CUST0120,003559,P0064,2025-01-28,2
CUST0448,003580,P0158,2025-01-28,1
CUST0170,003722,P0212,2025-01-28,1
CUST0397,003729,P0334,2025-01-28,1
CUST0356,003791,P0085,2025-01-28,1
CUST0850,003804,P0395,2025-01-28,1
CUST0345,003854,P0347,2025-01-28,1
CUST0844,003874,P0141,2025-01-28,1
CUST0844,003874,P0347,2025-01-28,1
CUST0246,003607,P0089,2025-01-29,1
CUST0439,003627,P0422,2025-01-29,1
CUST0858,003716,P0266,2025-01-29,1
CUST0627,003734,P0416,2025-01-29,1
CUST0976,003741,P0158,2025-01-29,1
CUST0595,003781,P0233,2025-01-29,1
CUST0976,003833,P0420,2025-01-29,1
CUST0301,003836,P0282,2025-01-29,1
CUST0009,003860,P0380,2025-01-29,1
CUST0182,003862,P0081,2025-01-29,1
CUST0735,003887,P0139,2025-01-29,1
CUST0387,003895,P0029,2025-01-29,1
CUST0535,003732,P0186,2025-01-30,1
CUST0384,003868,P0307,2025-01-30,1
CUST0167,003540,P0085,2025-01-31,1
CUST0515,003582,P0361,2025-01-31,1
CUST0026,003589,P0235,2025-01-31,1
CUST0043,003744,P0275,2025-01-31,1
CUST0759,003756,P0371,2025-01-31,1
CUST0655,003782,P0245,2025-01-31,1
CUST0553,003827,P0395,2025-01-31,1
CUST0856,003847,P0419,2025-01-31,1
CUST0680,003885,P0331,2025-01-31,1
CUST0102,003891,P0325,2025-01-31,1
CUST0846,003918,P0218,2025-01-31,1
CUST0793,003588,P0325,2025-02-01,1
CUST0627,003613,P0336,2025-02-01,1
CUST0809,003680,P0076,2025-02-01,1
CUST0824,003714,P0255,2025-02-01,1
CUST0314,003727,P0279,2025-02-01,1
CUST0397,003729,P0315,2025-02-01,1
CUST0876,003738,P0403,2025-02-01,1
CUST0631,003799,P0402,2025-02-01,1
CUST0912,003807,P0247,2025-02-01,2
CUST0070,003622,P0206,2025-02-02,1
CUST0167,003655,P0376,2025-02-02,1
CUST0674,003772,P0267,2025-02-02,1
CUST0083,003810,P0346,2025-02-02,1
CUST0674,003871,P0119,2025-02-02,1
CUST0424,003896,P0388,2025-02-02,1
CUST0846,003918,P0275,2025-02-02,1
CUST0253,003640,P0210,2025-02-03,1
CUST0399,003748,P0003,2025-02-03,1
CUST0556,003780,P0394,2025-02-03,1
CUST0844,003822,P0355,2025-02-03,1
CUST0976,003842,P0119,2025-02-03,1
CUST0070,003890,P0206,2025-02-03,1
CUST0388,003903,P0353,2025-02-03,1
CUST0811,003615,P0346,2025-02-04,1
CUST0907,003739,P0372,2025-02-04,1
CUST0926,003740,P0376,2025-02-04,1
CUST0544,003770,P0394,2025-02-04,1
CUST0981,003808,P0123,2025-02-04,1
CUST0448,003915,P0070,2025-02-04,1
CUST0846,003918,P0407,2025-02-04,1
CUST0066,003938,P0371,2025-02-04,1
CUST0431,003610,P0347,2025-02-05,1
CUST0292,003675,P0222,2025-02-05,1
CUST0128,003786,P0001,2025-02-05,1
CUST0423,003826,P0376,2025-02-05,1
CUST0424,003896,P0362,2025-02-05,1
CUST0760,003916,P0178,2025-02-05,1
CUST0103,003932,P0351,2025-02-05,1
CUST0353,003659,P0082,2025-02-06,1
CUST0110,003670,P0395,2025-02-06,1
CUST0170,003722,P0306,2025-02-06,1
CUST0414,003730,P0351,2025-02-06,1
CUST0345,003854,P0118,2025-02-06,1
CUST0846,003918,P0362,2025-02-06,1
CUST0879,003930,P0157,2025-02-06,1
CUST0809,003936,P0262,2025-02-06,1
CUST0066,003938,P0379,2025-02-06,1
CUST0116,003945,P0159,2025-02-06,1
CUST0769,003803,P0407,2025-02-07,1
CUST0159,003965,P0298,2025-02-07,1
CUST0844,003736,P0046,2025-02-08,1
CUST0493,003751,P0279,2025-02-08,1
CUST0627,003828,P0339,2025-02-08,1
CUST0384,003868,P0500,2025-02-08,1
CUST0578,003884,P0421,2025-02-08,1
CUST0715,003886,P0350,2025-02-08,1
CUST0735,003887,P0240,2025-02-08,1
CUST0426,003935,P0373,2025-02-08,1
CUST0809,003936,P0299,2025-02-08,1
CUST0254,003946,P0362,2025-02-08,1
CUST0799,003974,P0279,2025-02-08,1
CUST0824,003714,P0124,2025-02-09,1
CUST0535,003732,P0289,2025-02-09,1
CUST0850,003737,P0201,2025-02-09,1
CUST0631,003799,P0100,2025-02-09,1
CUST0844,003846,P0033,2025-02-09,1
CUST0009,003848,P0339,2025-02-09,1
CUST0599,003870,P0222,2025-02-09,1
CUST0735,003928,P0240,2025-02-09,1
CUST0672,003943,P0016,2025-02-09,1
CUST0167,003951,P0365,2025-02-09,1
CUST0568,003956,P0346,2025-02-09,1
CUST0850,003962,P0350,2025-02-09,1
CUST0370,003967,P0072,2025-02-09,3
CUST0556,003780,P0238,2025-02-10,1
CUST0403,003817,P0391,2025-02-10,1
CUST0976,003842,P0381,2025-02-10,1
CUST0327,003867,P0468,2025-02-10,1
CUST0971,003931,P0297,2025-02-10,1
CUST0167,003951,P0133,2025-02-10,3
CUST0175,003966,P0376,2025-02-10,1
CUST0370,003967,P0247,2025-02-10,1
CUST0710,003783,P0276,2025-02-11,1
CUST0850,003804,P0350,2025-02-11,1
CUST0423,003826,P0395,2025-02-11,1
CUST0107,003850,P0222,2025-02-11,1
CUST0182,003862,P0072,2025-02-11,1
CUST0268,003864,P0332,2025-02-11,1
CUST0599,003870,P0211,2025-02-11,1
CUST0715,003886,P0245,2025-02-11,1
CUST0599,003906,P0125,2025-02-11,1
CUST0613,003923,P0336,2025-02-11,1
CUST0866,003963,P0388,2025-02-11,1
CUST0630,003987,P0279,2025-02-11,1
CUST0907,003739,P0266,2025-02-12,1
CUST0956,003875,P0403,2025-02-12,1
CUST0804,003917,P0351,2025-02-12,1
CUST0971,003931,P0236,2025-02-12,1
CUST0850,003962,P0337,2025-02-12,1
CUST0703,003969,P0355,2025-02-12,1
CUST0804,003970,P0495,2025-02-12,1
CUST0515,003753,P0257,2025-02-13,1
CUST0595,003781,P0362,2025-02-13,1
CUST0993,003920,P0275,2025-02-13,1
CUST0110,003933,P0410,2025-02-13,1
CUST0703,003969,P0302,2025-02-13,1
CUST0703,003969,P0198,2025-02-13,1
CUST0519,003973,P0375,2025-02-13,1
CUST0760,003992,P0293,2025-02-13,1
CUST0805,003831,P0331,2025-02-14,2
CUST0846,003918,P0405,2025-02-14,1
CUST0271,003927,P0076,2025-02-14,1
CUST0799,003974,P0032,2025-02-14,1
CUST0579,003997,P0150,2025-02-14,1
CUST0467,003856,P0364,2025-02-15,1
CUST0387,003895,P0178,2025-02-15,1
CUST0167,003951,P0476,2025-02-15,2
CUST0423,003954,P0201,2025-02-15,1
CUST0703,003969,P0158,2025-02-15,3
CUST0301,003996,P0351,2025-02-15,1
CUST0504,004005,P0381,2025-02-15,1
CUST0098,003861,P0015,2025-02-16,1
CUST0846,003918,P0391,2025-02-16,1
CUST0426,003935,P0267,2025-02-16,1
CUST0083,003972,P0201,2025-02-16,1
CUST0640,003820,P0346,2025-02-17,1
CUST0040,003911,P0265,2025-02-17,3
CUST0965,003975,P0273,2025-02-17,1
CUST0237,004015,P0289,2025-02-17,1
CUST0824,003900,P0391,2025-02-18,1
CUST0062,003912,P0198,2025-02-18,1
CUST0040,004017,P0074,2025-02-18,1
CUST0563,004020,P0186,2025-02-18,1
CUST0854,003929,P0054,2025-02-19,1
CUST0103,003932,P0346,2025-02-19,1
CUST0453,003990,P0280,2025-02-19,1
CUST0301,004000,P0362,2025-02-19,1
CUST0040,004017,P0265,2025-02-19,1
CUST0854,003929,P0158,2025-02-20,1
CUST0167,003951,P0271,2025-02-20,1
CUST0681,003991,P0124,2025-02-20,1
CUST0537,004016,P0158,2025-02-20,1
CUST0563,004020,P0148,2025-02-20,1
CUST0254,004041,P0410,2025-02-20,1
CUST0254,003853,P0210,2025-02-21,1
CUST0041,003876,P0346,2025-02-21,1
CUST0568,003956,P0193,2025-02-21,2
CUST0159,003965,P0270,2025-02-21,1
CUST0236,004014,P0289,2025-02-21,1
CUST0831,004038,P0190,2025-02-21,1
CUST0971,003931,P0279,2025-02-22,1
CUST0850,003962,P0378,2025-02-23,1
CUST0965,003975,P0228,2025-02-23,1
CUST0301,003996,P0409,2025-02-23,1
CUST0050,004021,P0406,2025-02-23,1
CUST0648,004027,P0275,2025-02-23,1
CUST0548,003979,P0398,2025-02-24,1
CUST0984,004028,P0158,2025-02-24,1
CUST0984,004028,P0108,2025-02-24,1
CUST0640,003958,P0387,2025-02-25,1
CUST0167,004022,P0082,2025-02-25,1
CUST0621,004035,P0402,2025-02-25,1
CUST0702,003959,P0381,2025-02-26,1
CUST0976,004011,P0388,2025-02-26,1
CUST0078,004013,P0410,2025-02-26,1
CUST0078,004013,P0251,2025-02-26,1
CUST0831,004038,P0280,2025-02-26,1
CUST0043,004072,P0141,2025-02-26,1
CUST0909,004077,P0331,2025-02-26,1
CUST0066,003938,P0406,2025-02-27,1
CUST0621,004035,P0285,2025-02-27,4
CUST0421,004056,P0061,2025-02-27,1
CUST0494,004074,P0106,2025-02-27,1
CUST0858,004086,P0236,2025-02-27,1
CUST0833,003989,P0065,2025-02-28,1
CUST0200,003995,P0074,2025-02-28,1
CUST0504,004005,P0054,2025-02-28,1
CUST0092,003950,P0332,2025-03-01,1
CUST0715,004036,P0384,2025-03-01,1
CUST0496,003955,P0350,2025-03-02,1
CUST0200,003995,P0120,2025-03-02,1
CUST0619,003998,P0100,2025-03-02,4
CUST0703,004097,P0369,2025-03-02,1
CUST0723,004065,P0233,2025-03-03,1
CUST0227,004079,P0408,2025-03-03,1
CUST0777,004090,P0139,2025-03-03,1
CUST0504,004005,P0362,2025-03-04,1
CUST0078,004013,P0228,2025-03-04,1
CUST0035,004061,P0086,2025-03-04,1
CUST0674,004070,P0410,2025-03-04,1
CUST0599,004075,P0222,2025-03-04,1
CUST0687,004076,P0411,2025-03-04,1
CUST0203,004109,P0434,2025-03-04,1
CUST0804,003970,P0247,2025-03-05,1
CUST0078,004013,P0244,2025-03-05,1
CUST0674,004070,P0194,2025-03-05,1
CUST0301,004000,P0319,2025-03-06,1
CUST0438,004081,P0202,2025-03-06,2
CUST0622,004096,P0254,2025-03-06,1
CUST0203,004109,P0140,2025-03-06,1
CUST0167,004112,P0055,2025-03-06,3
CUST0246,004121,P0178,2025-03-06,2
CUST0627,003980,P0310,2025-03-07,1
CUST0805,004009,P0373,2025-03-07,1
CUST0543,004033,P0158,2025-03-07,1
CUST0599,004075,P0265,2025-03-07,1
CUST0777,004090,P0298,2025-03-07,1
CUST0622,004096,P0268,2025-03-07,1
CUST0703,004097,P0247,2025-03-07,1
CUST0346,004114,P0117,2025-03-07,1
CUST0982,004094,P0014,2025-03-08,1
CUST0200,004113,P0053,2025-03-08,1
CUST0550,004131,P0100,2025-03-08,1
CUST0846,004136,P0329,2025-03-08,1
CUST0543,004033,P0350,2025-03-09,2
CUST0844,004091,P0322,2025-03-09,2
CUST0387,004102,P0310,2025-03-09,1
CUST0735,004119,P0222,2025-03-09,1
CUST0599,004075,P0340,2025-03-10,1
CUST0387,004102,P0332,2025-03-10,1
CUST0467,004140,P0403,2025-03-10,1
CUST0599,004075,P0254,2025-03-11,1
CUST0858,004086,P0198,2025-03-11,2
CUST0346,004114,P0397,2025-03-11,1
CUST0846,004136,P0344,2025-03-11,1
CUST0387,004139,P0347,2025-03-11,1
CUST0640,004141,P0265,2025-03-11,1
CUST0225,004133,P0381,2025-03-12,1
CUST0841,004128,P0158,2025-03-13,2
CUST0807,004135,P0234,2025-03-13,1
CUST0707,004144,P0395,2025-03-13,1
CUST0043,004072,P0052,2025-03-14,1
CUST0674,004070,P0349,2025-03-15,1
CUST0438,004081,P0230,2025-03-15,1
CUST0818,004105,P0346,2025-03-15,1
CUST0818,004105,P0016,2025-03-15,1
CUST0846,004136,P0404,2025-03-15,1
CUST0271,004018,P0082,2025-03-16,1
CUST0043,004072,P0087,2025-03-17,1
CUST0622,004096,P0158,2025-03-17,1
CUST0804,004099,P0410,2025-03-17,1
CUST0874,004129,P0230,2025-03-17,2
CUST0305,004138,P0208,2025-03-17,1
CUST0182,004165,P0158,2025-03-17,1
CUST0954,004172,P0239,2025-03-17,2
CUST0831,004038,P0062,2025-03-18,1
CUST0682,004084,P0295,2025-03-18,1
CUST0741,004098,P0247,2025-03-18,1
CUST0804,004099,P0326,2025-03-18,1
CUST0953,004149,P0247,2025-03-18,4
CUST0131,004187,P0118,2025-03-18,3
CUST0327,004047,P0380,2025-03-19,1
CUST0674,004070,P0076,2025-03-19,1
CUST0408,004115,P0246,2025-03-19,1
CUST0715,004118,P0226,2025-03-19,1
CUST0166,004132,P0308,2025-03-19,1
CUST0662,004159,P0071,2025-03-19,1
CUST0412,004180,P0196,2025-03-19,1
CUST0874,004183,P0419,2025-03-19,1
CUST0253,004194,P0265,2025-03-19,1
CUST0697,004198,P0346,2025-03-19,1
CUST0874,004183,P0333,2025-03-20,1
CUST0621,004206,P0342,2025-03-20,1
CUST0167,004112,P0354,2025-03-21,1
CUST0874,004129,P0013,2025-03-21,1
CUST0807,004135,P0211,2025-03-21,1
CUST0285,004174,P0347,2025-03-21,1
CUST0412,004180,P0125,2025-03-21,1
CUST0681,004181,P0136,2025-03-21,1
CUST0464,004196,P0214,2025-03-21,1
CUST0874,004129,P0211,2025-03-22,1
CUST0844,004182,P0247,2025-03-22,1
CUST0874,004183,P0196,2025-03-22,1
CUST0195,004218,P0339,2025-03-22,3
CUST0599,004075,P0226,2025-03-23,1
CUST0844,004091,P0347,2025-03-23,2
CUST0159,004164,P0210,2025-03-23,3
CUST0043,004072,P0158,2025-03-24,1
CUST0438,004081,P0234,2025-03-24,1
CUST0715,004148,P0276,2025-03-24,1
CUST0715,004148,P0245,2025-03-24,1
CUST0804,004209,P0336,2025-03-24,1
CUST0804,004209,P0348,2025-03-24,1
CUST0166,004132,P0364,2025-03-25,2
CUST0715,004148,P0324,2025-03-25,1
CUST0537,004215,P0089,2025-03-25,1
CUST0984,004221,P0158,2025-03-26,1
CUST0096,004242,P0082,2025-03-26,1
CUST0537,004243,P0076,2025-03-26,1
CUST0902,004235,P0245,2025-03-27,1
CUST0954,004172,P0210,2025-03-28,1
CUST0200,004113,P0047,2025-03-29,3
CUST0745,004192,P0364,2025-03-29,1
CUST0095,004203,P0280,2025-03-29,1
CUST0801,004200,P0323,2025-03-30,1
CUST0701,004216,P0389,2025-03-30,1
CUST0226,004227,P0158,2025-03-30,1
CUST0804,004234,P0396,2025-03-30,1
CUST0253,004239,P0291,2025-03-30,2
CUST0870,004253,P0054,2025-03-30,1
CUST0446,004271,P0476,2025-03-30,1
CUST0440,004122,P0258,2025-03-31,1
CUST0040,004186,P0022,2025-03-31,1
CUST0375,004269,P0238,2025-03-31,1
CUST0809,004275,P0407,2025-03-31,1
CUST0236,004130,P0180,2025-04-01,1
CUST0057,004276,P0329,2025-04-01,3
CUST0595,004278,P0260,2025-04-01,1
CUST0844,004182,P0108,2025-04-02,1
CUST0523,004272,P0230,2025-04-02,1
CUST0366,004281,P0004,2025-04-02,1
CUST0514,004189,P0259,2025-04-03,1
CUST0195,004218,P0381,2025-04-03,1
CUST0584,004230,P0368,2025-04-03,1
CUST0681,004251,P0152,2025-04-03,1
CUST0253,004267,P0103,2025-04-03,1
CUST0332,004268,P0158,2025-04-03,1
CUST0523,004272,P0342,2025-04-03,3
CUST0811,004201,P0344,2025-04-04,5
CUST0804,004209,P0315,2025-04-04,1
CUST0167,004259,P0346,2025-04-04,1
CUST0167,004259,P0425,2025-04-04,1
CUST0387,004291,P0016,2025-04-04,1
CUST0850,004210,P0353,2025-04-05,2
CUST0809,004265,P0264,2025-04-05,1
CUST0253,004267,P0309,2025-04-05,1
CUST0446,004271,P0145,2025-04-05,4
CUST0070,004300,P0217,2025-04-05,1
CUST0131,004308,P0347,2025-04-05,3
CUST0255,004179,P0371,2025-04-06,1
CUST0062,004238,P0198,2025-04-06,1
CUST0253,004239,P0309,2025-04-06,2
CUST0681,004264,P0069,2025-04-06,1
CUST0671,004274,P0362,2025-04-06,1
CUST0215,004309,P0118,2025-04-06,1
CUST0558,004147,P0149,2025-04-07,1
CUST0838,004170,P0201,2025-04-07,1
CUST0011,004280,P0298,2025-04-07,2
CUST0215,004309,P0210,2025-04-07,1
CUST0215,004309,P0166,2025-04-07,1
CUST0364,004310,P0156,2025-04-07,1
CUST0715,004326,P0201,2025-04-07,1
CUST0804,004327,P0347,2025-04-07,4
CUST0851,004171,P0402,2025-04-08,1
CUST0285,004174,P0345,2025-04-08,1
CUST0874,004183,P0191,2025-04-08,1
CUST0580,004190,P0253,2025-04-08,1
CUST0253,004267,P0250,2025-04-08,1
CUST0568,004301,P0254,2025-04-08,1
CUST0215,004309,P0230,2025-04-08,1
CUST0457,004312,P0060,2025-04-08,1
CUST0325,004340,P0250,2025-04-08,3
CUST0715,004341,P0262,2025-04-08,1
CUST0715,004341,P0070,2025-04-08,1
CUST0376,004195,P0246,2025-04-09,1
CUST0621,004206,P0153,2025-04-09,1
CUST0457,004312,P0116,2025-04-09,1
CUST0715,004326,P0365,2025-04-09,1
CUST0493,004328,P0350,2025-04-09,1
CUST0804,004329,P0331,2025-04-09,1
CUST0070,004345,P0277,2025-04-09,1
CUST0860,004163,P0222,2025-04-10,1
CUST0006,004184,P0268,2025-04-10,1
CUST0305,004222,P0022,2025-04-10,1
CUST0902,004235,P0238,2025-04-10,1
CUST0724,004297,P0279,2025-04-10,1
CUST0590,004314,P0131,2025-04-10,1
CUST0262,004339,P0251,2025-04-10,1
CUST0654,004357,P0330,2025-04-10,1
CUST0208,004193,P0376,2025-04-11,1
CUST0913,004245,P0322,2025-04-11,1
CUST0215,004309,P0335,2025-04-11,1
CUST0364,004310,P0299,2025-04-11,1
CUST0715,004326,P0221,2025-04-11,1
CUST0493,004328,P0034,2025-04-11,1
CUST0804,004342,P0322,2025-04-11,1
CUST1000,004361,P0421,2025-04-11,3
CUST0208,004193,P0148,2025-04-12,1
CUST0804,004209,P0346,2025-04-12,1
CUST0804,004329,P0204,2025-04-12,1
CUST0630,004349,P0012,2025-04-12,2
CUST0697,004279,P0230,2025-04-13,1
CUST0804,004329,P0357,2025-04-13,1
CUST0233,004337,P0115,2025-04-13,1
CUST0233,004337,P0249,2025-04-13,1
CUST0728,004240,P0384,2025-04-14,1
CUST0253,004267,P0310,2025-04-14,1
CUST0457,004312,P0012,2025-04-14,1
CUST0697,004351,P0459,2025-04-14,1
CUST0813,004370,P0457,2025-04-14,1
CUST0493,004328,P0197,2025-04-15,1
CUST0728,004240,P0373,2025-04-16,1
CUST0574,004273,P0233,2025-04-16,3
CUST0568,004301,P0075,2025-04-16,1
CUST0747,004316,P0247,2025-04-16,1
CUST0436,004348,P0227,2025-04-16,1
CUST0657,004350,P0112,2025-04-16,1
CUST0220,004364,P0264,2025-04-16,1
CUST0912,004371,P0158,2025-04-16,1
CUST0098,004382,P0186,2025-04-16,1
CUST0446,004271,P0158,2025-04-17,1
CUST0071,004372,P0357,2025-04-17,1
CUST0258,004392,P0208,2025-04-17,2
CUST0763,004233,P0218,2025-04-18,2
CUST0544,004395,P0156,2025-04-18,2
CUST0366,004281,P0261,2025-04-19,1
CUST0586,004295,P0285,2025-04-19,1
CUST0502,004378,P0210,2025-04-19,1
CUST0110,004404,P0124,2025-04-19,3
CUST0556,004411,P0048,2025-04-19,1
CUST0747,004316,P0214,2025-04-20,1
CUST0804,004327,P0302,2025-04-20,1
CUST0912,004371,P0193,2025-04-20,1
CUST0066,004381,P0334,2025-04-20,1
CUST0110,004404,P0459,2025-04-20,1
CUST0728,004240,P0240,2025-04-21,1
CUST0809,004265,P0266,2025-04-21,1
CUST0493,004328,P0028,2025-04-21,1
CUST0671,004367,P0209,2025-04-21,1
CUST0502,004378,P0255,2025-04-21,1
CUST0697,004379,P0279,2025-04-21,1
CUST0450,004384,P0160,2025-04-21,1
CUST0631,004417,P0340,2025-04-21,1
CUST0424,004424,P0383,2025-04-21,1
CUST0804,004327,P0233,2025-04-23,2
CUST0131,004414,P0186,2025-04-23,1
CUST0156,004415,P0084,2025-04-23,1
CUST0879,004420,P0246,2025-04-23,1
CUST0290,004323,P0208,2025-04-24,1
CUST0136,004406,P0347,2025-04-24,1
CUST0556,004411,P0225,2025-04-24,1
CUST0209,004422,P0112,2025-04-24,1
CUST0335,004434,P0285,2025-04-24,1
CUST0586,004295,P0346,2025-04-25,1
CUST0558,004324,P0176,2025-04-25,1
CUST0070,004345,P0230,2025-04-25,1
CUST0657,004350,P0022,2025-04-25,1
CUST0544,004395,P0326,2025-04-25,1
CUST0193,004398,P0404,2025-04-25,1
CUST0542,004430,P0273,2025-04-25,1
CUST0870,004305,P0277,2025-04-26,1
CUST0233,004337,P0475,2025-04-26,1
CUST0262,004339,P0474,2025-04-26,1
CUST0436,004348,P0249,2025-04-26,1
CUST0671,004432,P0189,2025-04-26,1
CUST0076,004452,P0013,2025-04-26,1
CUST0366,004281,P0226,2025-04-27,1
CUST0804,004288,P0355,2025-04-27,1
CUST0724,004297,P0265,2025-04-27,2
CUST0107,004413,P0082,2025-04-27,1
CUST0366,004436,P0124,2025-04-27,1
CUST0735,004449,P0346,2025-04-27,2
CUST0013,004451,P0309,2025-04-27,1
CUST0968,004460,P0134,2025-04-27,1
CUST0804,004342,P0325,2025-04-28,1
CUST0070,004345,P0258,2025-04-29,1
CUST0657,004350,P0152,2025-04-29,1
CUST1000,004361,P0178,2025-04-29,1
CUST0335,004434,P0124,2025-04-29,1
CUST0066,004381,P0314,2025-04-30,1
CUST0968,004460,P0007,2025-04-30,1
CUST0804,004342,P0254,2025-05-01,1
CUST0107,004413,P0205,2025-05-01,2
CUST0523,004440,P0054,2025-05-01,1
CUST0076,004452,P0094,2025-05-01,1
CUST0040,004461,P0243,2025-05-01,1
CUST0290,004323,P0150,2025-05-02,1
CUST0804,004342,P0312,2025-05-02,1
CUST0065,004428,P0326,2025-05-02,1
CUST0076,004452,P0032,2025-05-02,1
CUST0167,004453,P0020,2025-05-02,5
CUST0209,004422,P0163,2025-05-03,1
CUST0870,004473,P0034,2025-05-03,1
CUST0246,004409,P0178,2025-05-04,1
CUST0682,004447,P0451,2025-05-04,1
CUST0715,004481,P0483,2025-05-04,1
CUST0715,004497,P0228,2025-05-04,1
CUST0671,004367,P0360,2025-05-05,1
CUST0874,004388,P0182,2025-05-05,1
CUST0167,004453,P0163,2025-05-05,4
CUST0325,004463,P0218,2025-05-05,1
CUST0691,004495,P0258,2025-05-05,1
CUST0907,004403,P0247,2025-05-06,1
CUST0156,004429,P0380,2025-05-06,1
CUST0928,004459,P0244,2025-05-06,1
CUST0715,004481,P0217,2025-05-06,1
CUST0513,004488,P0093,2025-05-06,1
CUST0513,004488,P0081,2025-05-06,1
CUST0073,004500,P0233,2025-05-06,1
CUST0200,004501,P0071,2025-05-06,1
CUST0537,004356,P0299,2025-05-07,2
CUST0674,004427,P0263,2025-05-07,1
CUST0366,004436,P0230,2025-05-07,1
CUST0391,004476,P0054,2025-05-07,1
CUST0073,004500,P0249,2025-05-07,2
CUST0556,004482,P0189,2025-05-08,1
CUST0448,004513,P0101,2025-05-08,1
CUST0070,004519,P0230,2025-05-08,1
CUST0753,004419,P0121,2025-05-09,1
CUST0335,004434,P0411,2025-05-09,1
CUST0850,004438,P0283,2025-05-09,1
CUST0412,004487,P0402,2025-05-09,1
CUST0448,004513,P0160,2025-05-09,1
CUST0874,004528,P0162,2025-05-09,1
CUST0200,004544,P0215,2025-05-09,1
CUST0423,004548,P0308,2025-05-09,1
CUST0674,004402,P0118,2025-05-10,1
CUST0412,004487,P0042,2025-05-10,1
CUST0715,004497,P0202,2025-05-10,1
CUST0073,004500,P0029,2025-05-10,1
CUST0200,004501,P0230,2025-05-10,1
CUST0537,004551,P0236,2025-05-10,1
CUST0547,004564,P0373,2025-05-10,1
CUST0502,004378,P0262,2025-05-11,1
CUST0697,004491,P0279,2025-05-11,1
CUST0200,004501,P0041,2025-05-11,1
CUST0641,004505,P0279,2025-05-11,1
CUST0070,004542,P0204,2025-05-11,1
CUST0477,004550,P0164,2025-05-11,1
CUST0537,004551,P0062,2025-05-11,1
CUST0595,004573,P0085,2025-05-11,1
CUST0200,004445,P0283,2025-05-12,2
CUST0715,004497,P0443,2025-05-12,1
CUST0165,004521,P0098,2025-05-12,1
CUST0050,004532,P0101,2025-05-12,1
CUST0900,004568,P0293,2025-05-12,1
CUST0452,004523,P0076,2025-05-13,1
CUST0874,004528,P0197,2025-05-13,1
CUST0500,004563,P0247,2025-05-13,1
CUST0062,004518,P0166,2025-05-14,1
CUST0070,004519,P0228,2025-05-14,1
CUST0376,004546,P0275,2025-05-14,1
CUST0712,004594,P0166,2025-05-14,1
CUST0541,004471,P0273,2025-05-15,2
CUST0695,004477,P0208,2025-05-15,1
CUST0701,004554,P0335,2025-05-15,1
CUST0556,004586,P0218,2025-05-15,4
CUST0599,004591,P0034,2025-05-15,1
CUST0671,004432,P0275,2025-05-16,1
CUST0193,004462,P0431,2025-05-16,1
CUST0062,004510,P0241,2025-05-16,1
CUST0597,004565,P0369,2025-05-16,1
CUST0335,004434,P0083,2025-05-17,1
CUST0182,004493,P0090,2025-05-17,1
CUST0563,004514,P0118,2025-05-17,1
CUST0969,004558,P0259,2025-05-17,1
CUST0774,004566,P0146,2025-05-17,2
CUST0786,004588,P0358,2025-05-17,1
CUST0389,004597,P0236,2025-05-17,1
CUST0452,004523,P0198,2025-05-18,1
CUST0060,004602,P0007,2025-05-18,1
CUST0009,004450,P0053,2025-05-19,1
CUST0009,004517,P0410,2025-05-19,1
CUST0131,004533,P0158,2025-05-19,1
CUST0070,004542,P0240,2025-05-19,1
CUST0560,004552,P0241,2025-05-19,1
CUST0863,004567,P0313,2025-05-19,1
CUST0909,004569,P0315,2025-05-19,1
CUST0060,004602,P0084,2025-05-19,1
CUST0060,004602,P0172,2025-05-19,1
CUST0009,004626,P0220,2025-05-19,1
CUST0672,004506,P0178,2025-05-20,1
CUST0693,004593,P0359,2025-05-20,1
CUST0070,004603,P0451,2025-05-20,1
CUST0127,004604,P0488,2025-05-20,1
CUST0499,004638,P0094,2025-05-20,1
CUST0070,004519,P0212,2025-05-21,1
CUST0662,004610,P0086,2025-05-21,5
CUST0009,004626,P0145,2025-05-21,1
CUST0308,004644,P0488,2025-05-21,1
CUST0073,004500,P0219,2025-05-22,1
CUST0193,004572,P0122,2025-05-22,1
CUST0786,004588,P0357,2025-05-22,1
CUST0496,004609,P0311,2025-05-22,1
CUST0165,004521,P0122,2025-05-23,1
CUST0909,004569,P0346,2025-05-23,1
CUST0327,004629,P0390,2025-05-23,1
CUST0184,004634,P0166,2025-05-23,1
CUST0073,004649,P0260,2025-05-23,1
CUST0912,004557,P0266,2025-05-24,2
CUST0389,004597,P0213,2025-05-24,1
CUST0874,004613,P0060,2025-05-24,2
CUST0327,004629,P0376,2025-05-24,1
CUST0631,004648,P0376,2025-05-24,1
CUST0370,004652,P0309,2025-05-24,1
CUST0419,004664,P0076,2025-05-24,2
CUST0580,004666,P0259,2025-05-24,1
CUST0863,004678,P0346,2025-05-24,1
CUST0256,004615,P0230,2025-05-25,1
CUST0266,004670,P0054,2025-05-25,1
CUST0563,004674,P0178,2025-05-25,1
CUST0423,004548,P0082,2025-05-26,1
CUST0595,004573,P0259,2025-05-26,1
CUST0693,004593,P0431,2025-05-26,1
CUST0761,004683,P0268,2025-05-26,1
CUST0715,004481,P0233,2025-05-27,1
CUST0610,004574,P0340,2025-05-27,1
CUST0907,004583,P0262,2025-05-27,1
CUST0727,004595,P0280,2025-05-27,1
CUST0563,004639,P0260,2025-05-27,2
CUST0440,004654,P0254,2025-05-27,1
CUST0378,004663,P0215,2025-05-27,2
CUST0543,004681,P0094,2025-05-27,1
CUST0440,004608,P0217,2025-05-28,1
CUST0294,004617,P0094,2025-05-28,1
CUST0496,004647,P0212,2025-05-28,1
CUST0627,004675,P0309,2025-05-28,1
CUST0627,004675,P0231,2025-05-28,1
CUST0193,004680,P0357,2025-05-28,1
CUST0657,004682,P0190,2025-05-28,1
CUST0537,004699,P0353,2025-05-28,2
CUST0613,004620,P0166,2025-05-29,1
CUST0115,004659,P0443,2025-05-29,1
CUST0534,004672,P0070,2025-05-29,1
CUST0563,004674,P0009,2025-05-29,1
CUST0110,004696,P0100,2025-05-29,1
CUST0595,004706,P0209,2025-05-29,1
CUST0513,004488,P0277,2025-05-30,1
CUST0712,004526,P0091,2025-05-30,1
CUST0544,004705,P0259,2025-05-30,2
CUST0659,004707,P0355,2025-05-30,1
CUST0770,004715,P0251,2025-05-30,1
CUST0774,004716,P0109,2025-05-30,1
CUST0550,004585,P0161,2025-05-31,1
CUST0874,004613,P0340,2025-05-31,1
CUST0613,004620,P0047,2025-05-31,4
CUST0563,004639,P0097,2025-05-31,1
CUST0219,004669,P0013,2025-05-31,1
CUST0098,004695,P0061,2025-05-31,1
CUST0770,004715,P0351,2025-05-31,1
CUST0062,004518,P0320,2025-06-01,1
CUST0200,004544,P0202,2025-06-01,1
CUST0128,004628,P0190,2025-06-01,1
CUST0184,004634,P0275,2025-06-01,1
CUST0563,004674,P0061,2025-06-01,1
CUST0657,004682,P0163,2025-06-01,1
CUST0537,004704,P0164,2025-06-01,1
CUST0989,004717,P0275,2025-06-01,1
CUST0412,004724,P0198,2025-06-01,1
CUST0682,004728,P0347,2025-06-01,1
CUST0691,004621,P0217,2025-06-02,1
CUST0467,004637,P0265,2025-06-02,1
CUST0431,004698,P0347,2025-06-02,1
CUST0232,004720,P0358,2025-06-02,1
CUST0973,004632,P0265,2025-06-03,1
CUST0423,004645,P0212,2025-06-03,1
CUST0193,004680,P0260,2025-06-03,1
CUST0110,004696,P0191,2025-06-03,1
CUST0512,004731,P0355,2025-06-03,1
CUST0423,004645,P0265,2025-06-04,1
CUST0008,004693,P0389,2025-06-04,2
CUST0595,004706,P0455,2025-06-04,1
CUST0728,004738,P0417,2025-06-04,1
CUST0990,004751,P0321,2025-06-04,1
CUST0423,004755,P0242,2025-06-04,1
CUST0496,004647,P0454,2025-06-05,1
CUST0659,004707,P0334,2025-06-05,1
CUST0544,004700,P0072,2025-06-06,2
CUST0595,004706,P0259,2025-06-06,1
CUST0193,004718,P0236,2025-06-06,1
CUST0682,004728,P0072,2025-06-06,1
CUST0224,004729,P0030,2025-06-06,1
CUST0559,004748,P0312,2025-06-06,1
CUST0595,004573,P0236,2025-06-07,1
CUST0610,004574,P0083,2025-06-07,1
CUST0863,004678,P0056,2025-06-07,1
CUST0514,004725,P0394,2025-06-07,1
CUST0512,004731,P0060,2025-06-07,1
CUST0426,004746,P0081,2025-06-07,1
CUST0621,004763,P0082,2025-06-07,1
CUST0142,004584,P0018,2025-06-08,2
CUST0599,004591,P0254,2025-06-08,1
CUST0874,004613,P0143,2025-06-08,1
CUST0193,004680,P0250,2025-06-08,1
CUST0514,004736,P0460,2025-06-08,1
CUST0728,004738,P0250,2025-06-08,1
CUST0110,004741,P0175,2025-06-08,1
CUST0424,004773,P0029,2025-06-08,1
CUST0973,004632,P0327,2025-06-09,1
CUST0253,004712,P0315,2025-06-09,1
CUST0159,004743,P0250,2025-06-09,1
CUST0973,004765,P0240,2025-06-09,1
CUST0741,004782,P0353,2025-06-09,1
CUST0696,004785,P0336,2025-06-09,1
CUST0062,004627,P0158,2025-06-10,1
CUST0662,004713,P0257,2025-06-10,1
CUST0662,004610,P0070,2025-06-11,1
CUST0126,004710,P0489,2025-06-11,1
CUST0759,004714,P0332,2025-06-11,1
CUST0919,004776,P0227,2025-06-11,1
CUST0070,004603,P0279,2025-06-12,1
CUST0224,004754,P0034,2025-06-12,1
CUST0523,004756,P0277,2025-06-12,1
CUST0423,004772,P0242,2025-06-12,1
CUST0919,004776,P0229,2025-06-12,2
CUST0387,004783,P0236,2025-06-12,1
CUST0850,004797,P0197,2025-06-12,1
CUST0921,004798,P0266,2025-06-12,1
CUST0599,004790,P0114,2025-06-13,1
CUST0116,004770,P0009,2025-06-14,1
CUST0423,004772,P0285,2025-06-14,1
CUST0457,004781,P0228,2025-06-14,1
CUST0913,004791,P0244,2025-06-14,1
CUST0558,004815,P0491,2025-06-14,1
CUST0811,004825,P0217,2025-06-14,1
CUST0728,004738,P0402,2025-06-15,1
CUST0919,004776,P0259,2025-06-15,1
CUST0921,004798,P0268,2025-06-15,1
CUST0501,004823,P0116,2025-06-15,1
CUST0928,004826,P0362,2025-06-15,1
CUST0246,004829,P0198,2025-06-15,1
CUST0989,004717,P0047,2025-06-16,1
CUST0159,004743,P0325,2025-06-16,1
CUST0555,004784,P0250,2025-06-16,1
CUST0377,004789,P0360,2025-06-16,1
CUST0404,004813,P0333,2025-06-16,3
CUST0928,004826,P0236,2025-06-16,1
CUST0253,004712,P0357,2025-06-17,4
CUST0913,004733,P0259,2025-06-17,2
CUST0850,004797,P0355,2025-06-17,1
CUST0735,004817,P0153,2025-06-17,1
CUST0811,004825,P0279,2025-06-17,1
CUST0631,004830,P0091,2025-06-17,1
CUST0840,004843,P0093,2025-06-17,4
CUST0169,004844,P0131,2025-06-17,1
CUST0213,004845,P0448,2025-06-17,1
CUST0159,004743,P0227,2025-06-18,1
CUST0846,004759,P0318,2025-06-18,2
CUST0424,004773,P0348,2025-06-18,1
CUST0198,004778,P0076,2025-06-18,1
CUST0382,004822,P0029,2025-06-18,1
CUST0690,004832,P0309,2025-06-18,1
CUST0690,004832,P0298,2025-06-18,1
CUST0412,004724,P0060,2025-06-19,1
CUST0224,004729,P0028,2025-06-19,1
CUST0913,004733,P0213,2025-06-19,1
CUST0094,004734,P0295,2025-06-19,1
CUST0657,004767,P0145,2025-06-19,1
CUST0696,004785,P0310,2025-06-19,1
CUST0599,004790,P0222,2025-06-19,1
CUST0674,004807,P0047,2025-06-19,1
CUST0193,004680,P0313,2025-06-20,1
CUST0116,004770,P0301,2025-06-20,1
CUST0558,004815,P0124,2025-06-20,1
CUST0928,004826,P0214,2025-06-20,1
CUST0462,004838,P0260,2025-06-20,1
CUST0715,004856,P0178,2025-06-20,1
CUST0920,004858,P0233,2025-06-20,1
CUST0770,004715,P0259,2025-06-21,1
CUST0657,004737,P0227,2025-06-21,1
CUST0426,004746,P0263,2025-06-21,1
CUST0426,004760,P0277,2025-06-21,1
CUST0246,004779,P0175,2025-06-21,1
CUST0114,004801,P0362,2025-06-21,1
CUST0537,004839,P0293,2025-06-21,1
CUST0690,004841,P0275,2025-06-21,1
CUST0345,004867,P0029,2025-06-21,1
CUST0463,004688,P0025,2025-06-22,1
CUST0913,004733,P0331,2025-06-22,1
CUST0973,004765,P0051,2025-06-22,1
CUST0339,004795,P0357,2025-06-22,1
CUST0850,004797,P0352,2025-06-22,1
CUST0674,004807,P0065,2025-06-22,2
CUST0071,004865,P0114,2025-06-22,1
CUST0813,004877,P0218,2025-06-22,1
CUST0294,004697,P0380,2025-06-24,2
CUST0063,004777,P0088,2025-06-24,1
CUST0741,004782,P0273,2025-06-24,1
CUST0006,004793,P0180,2025-06-24,1
CUST0269,004794,P0038,2025-06-24,1
CUST0167,004812,P0324,2025-06-24,1
CUST0071,004865,P0048,2025-06-24,1
CUST0795,004876,P0042,2025-06-24,1
CUST0423,004772,P0130,2025-06-25,1
CUST0499,004805,P0236,2025-06-25,1
CUST0499,004805,P0218,2025-06-25,2
CUST0404,004813,P0113,2025-06-25,1
CUST0960,004859,P0313,2025-06-25,1
CUST0167,004862,P0041,2025-06-25,1
CUST0687,004864,P0354,2025-06-25,1
CUST0345,004867,P0056,2025-06-25,1
CUST0325,004872,P0056,2025-06-25,1
CUST0990,004751,P0431,2025-06-26,1
CUST0426,004760,P0380,2025-06-26,1
CUST0457,004781,P0258,2025-06-26,1
CUST0320,004788,P0198,2025-06-26,1
CUST0404,004813,P0124,2025-06-26,4
CUST0290,004837,P0305,2025-06-26,2
CUST0497,004855,P0218,2025-06-26,1
CUST0595,004874,P0349,2025-06-26,1
CUST0928,004826,P0275,2025-06-27,1
CUST0327,004853,P0273,2025-06-27,1
CUST0071,004860,P0218,2025-06-27,1
CUST0071,004860,P0250,2025-06-27,2
CUST0112,004735,P0157,2025-06-28,1
CUST0850,004797,P0100,2025-06-28,1
CUST0501,004823,P0448,2025-06-28,1
CUST0325,004872,P0213,2025-06-28,1
CUST0606,004883,P0233,2025-06-28,1
CUST0070,004892,P0328,2025-06-28,1
CUST0763,004896,P0029,2025-06-28,1
CUST0846,004759,P0262,2025-06-29,1
CUST0555,004784,P0357,2025-06-29,1
CUST0249,004802,P0246,2025-06-29,1
CUST0674,004831,P0347,2025-06-29,1
CUST0606,004883,P0315,2025-06-29,1
CUST0515,004900,P0249,2025-06-29,2
CUST0913,004938,P0260,2025-06-29,1
CUST0339,004795,P0355,2025-06-30,1
CUST0928,004826,P0231,2025-06-30,1
CUST0687,004864,P0395,2025-06-30,1
CUST0467,004873,P0365,2025-06-30,1
CUST0849,004897,P0132,2025-06-30,1
CUST0681,004915,P0153,2025-06-30,1
CUST0804,004934,P0315,2025-06-30,1
CUST0140,004939,P0242,2025-06-30,1
CUST0848,004947,P0259,2025-06-30,1
CUST0863,004948,P0166,2025-06-30,1
CUST0390,004804,P0029,2025-07-01,1
CUST0071,004860,P0360,2025-07-01,1
CUST0621,004884,P0070,2025-07-01,1
CUST0071,004905,P0302,2025-07-01,1
CUST0925,004916,P0265,2025-07-01,1
CUST0697,004933,P0022,2025-07-01,1
CUST0741,004782,P0350,2025-07-02,3
CUST0071,004834,P0332,2025-07-02,1
CUST0595,004874,P0254,2025-07-02,1
CUST0968,004917,P0052,2025-07-02,1
CUST0046,004919,P0360,2025-07-02,1
CUST0364,004941,P0134,2025-07-02,1
CUST0973,004963,P0242,2025-07-02,1
CUST0145,004968,P0322,2025-07-02,1
CUST0382,004822,P0156,2025-07-03,1
CUST0159,004835,P0254,2025-07-03,1
CUST0110,004886,P0247,2025-07-03,1
CUST0849,004897,P0306,2025-07-03,4
CUST0024,004904,P0003,2025-07-03,1
CUST0968,004917,P0348,2025-07-03,1
CUST0913,004938,P0072,2025-07-03,1
CUST0066,004980,P0382,2025-07-03,1
CUST0951,004989,P0273,2025-07-03,1
CUST0795,004876,P0158,2025-07-04,1
CUST0973,004927,P0215,2025-07-04,2
CUST0070,004930,P0290,2025-07-04,1
CUST0070,004930,P0279,2025-07-04,1
CUST0822,004935,P0198,2025-07-04,1
CUST0145,004953,P0404,2025-07-04,1
CUST0556,004959,P0056,2025-07-04,1
CUST0558,004982,P0018,2025-07-04,1
CUST0682,004998,P0011,2025-07-04,1
CUST0920,004878,P0307,2025-07-05,1
CUST0008,004918,P0090,2025-07-05,1
CUST0822,004935,P0227,2025-07-05,1
CUST0411,004971,P0280,2025-07-05,1
CUST0043,004990,P0038,2025-07-05,1
CUST0154,005003,P0265,2025-07-05,1
CUST0914,005016,P0337,2025-07-05,1
CUST0613,004895,P0067,2025-07-06,3
CUST0268,004932,P0055,2025-07-06,1
CUST0556,004959,P0067,2025-07-06,1
CUST0062,004991,P0045,2025-07-06,1
CUST0914,005016,P0100,2025-07-06,1
CUST0703,005028,P0175,2025-07-06,1
CUST0529,004924,P0330,2025-07-07,1
CUST0159,004940,P0161,2025-07-07,1
CUST0380,004958,P0248,2025-07-07,1
CUST0136,004992,P0313,2025-07-07,1
CUST0267,004994,P0259,2025-07-07,1
CUST0166,005006,P0324,2025-07-07,1
CUST0682,005026,P0039,2025-07-07,1
CUST0835,005040,P0081,2025-07-07,1
CUST0404,004813,P0042,2025-07-08,1
CUST0502,004824,P0088,2025-07-08,3
CUST0849,004897,P0054,2025-07-08,1
CUST0681,004915,P0242,2025-07-08,1
CUST0671,004925,P0313,2025-07-08,1
CUST0809,004961,P0262,2025-07-08,3
CUST0066,004980,P0347,2025-07-08,1
CUST0043,004990,P0142,2025-07-08,1
CUST0303,005022,P0279,2025-07-08,1
CUST0246,004829,P0200,2025-07-09,1
CUST0372,004887,P0380,2025-07-09,1
CUST0849,004897,P0049,2025-07-09,1
CUST0142,004906,P0125,2025-07-09,1
CUST0671,004925,P0359,2025-07-09,1
CUST0723,004987,P0250,2025-07-09,1
CUST0499,005023,P0178,2025-07-09,1
CUST0585,005024,P0180,2025-07-09,1
CUST0774,005029,P0287,2025-07-09,1
CUST0338,005056,P0416,2025-07-09,1
CUST0454,004846,P0246,2025-07-10,1
CUST0110,004886,P0328,2025-07-10,1
CUST0070,004930,P0331,2025-07-10,1
CUST0364,004941,P0097,2025-07-10,1
CUST0254,004970,P0242,2025-07-10,1
CUST0613,004984,P0160,2025-07-10,1
CUST0613,005010,P0072,2025-07-10,1
CUST0009,005019,P0152,2025-07-10,2
CUST0423,005035,P0342,2025-07-10,1
CUST0682,005050,P0236,2025-07-10,1
CUST0167,004862,P0116,2025-07-11,1
CUST0540,004913,P0276,2025-07-11,1
CUST0046,004919,P0315,2025-07-11,1
CUST0274,004922,P0241,2025-07-11,1
CUST0558,004982,P0188,2025-07-11,1
CUST0062,004991,P0056,2025-07-11,1
CUST0524,004996,P0205,2025-07-11,1
CUST0804,005000,P0218,2025-07-11,3
CUST0224,005007,P0065,2025-07-11,1
CUST0674,005073,P0038,2025-07-11,1
CUST0822,004935,P0030,2025-07-12,1
CUST0006,005018,P0483,2025-07-12,1
CUST0835,005040,P0029,2025-07-12,1
CUST0544,005058,P0166,2025-07-12,1
CUST0627,005071,P0236,2025-07-12,1
CUST0462,005083,P0209,2025-07-12,2
CUST0640,005099,P0005,2025-07-12,1
CUST0844,005104,P0336,2025-07-12,1
CUST0621,004884,P0334,2025-07-13,1
CUST0804,004934,P0072,2025-07-13,1
CUST0380,004958,P0259,2025-07-13,1
CUST0608,004983,P0184,2025-07-13,1
CUST0613,004984,P0072,2025-07-13,1
CUST0723,004987,P0273,2025-07-13,1
CUST0913,005002,P0247,2025-07-13,1
CUST0556,005009,P0118,2025-07-13,1
CUST0345,005047,P0325,2025-07-13,5
CUST0563,005059,P0247,2025-07-13,3
CUST0399,005070,P0483,2025-07-13,1
CUST0639,005072,P0018,2025-07-13,1
CUST0292,005081,P0197,2025-07-13,1
CUST0757,005086,P0236,2025-07-13,1
CUST0480,005095,P0289,2025-07-13,1
CUST0913,004951,P0246,2025-07-14,1
CUST0411,004971,P0149,2025-07-14,1
CUST0066,004980,P0292,2025-07-14,1
CUST0703,005028,P0156,2025-07-14,1
CUST0544,005036,P0062,2025-07-14,1
CUST0639,005072,P0339,2025-07-14,1
CUST0128,004966,P0069,2025-07-15,1
CUST0145,004968,P0396,2025-07-15,1
CUST0156,005054,P0309,2025-07-15,1
CUST0189,005055,P0285,2025-07-15,1
CUST0327,005069,P0245,2025-07-15,1
CUST0798,005088,P0065,2025-07-15,1
CUST0923,005090,P0394,2025-07-15,1
CUST0046,004919,P0357,2025-07-16,1
CUST0913,004951,P0241,2025-07-16,1
CUST0037,004978,P0072,2025-07-16,1
CUST0813,005013,P0300,2025-07-16,1
CUST0006,005018,P0279,2025-07-16,4
CUST0284,005117,P0365,2025-07-16,1
CUST0426,005135,P0110,2025-07-16,2
CUST0357,005160,P0061,2025-07-16,1
CUST0071,004865,P0357,2025-07-17,1
CUST0723,004987,P0236,2025-07-17,1
CUST0640,005011,P0215,2025-07-17,1
CUST0813,005013,P0250,2025-07-17,1
CUST0741,005084,P0250,2025-07-17,1
CUST0987,005108,P0066,2025-07-17,1
CUST0735,005121,P0094,2025-07-17,1
CUST0912,005122,P0126,2025-07-17,1
CUST0193,005124,P0359,2025-07-17,1
CUST0082,005159,P0260,2025-07-17,1
CUST0662,005181,P0418,2025-07-17,1
CUST0846,005186,P0268,2025-07-17,1
CUST0380,004958,P0265,2025-07-18,1
CUST0987,004964,P0055,2025-07-18,1
CUST0723,004987,P0218,2025-07-18,1
CUST0804,005000,P0347,2025-07-18,1
CUST0760,005012,P0347,2025-07-18,1
CUST0844,005041,P0238,2025-07-18,1
CUST0747,005085,P0077,2025-07-18,2
CUST0425,005134,P0065,2025-07-18,1
CUST0655,005153,P0232,2025-07-18,1
CUST0221,005174,P0209,2025-07-18,1
CUST0195,005193,P0301,2025-07-18,1
CUST0703,005202,P0357,2025-07-18,1
CUST0154,005003,P0280,2025-07-19,1
CUST0313,005046,P0100,2025-07-19,1
CUST0850,005089,P0346,2025-07-19,1
CUST0125,005091,P0212,2025-07-19,1
CUST0805,005102,P0271,2025-07-19,1
CUST0269,005128,P0351,2025-07-19,1
CUST0110,005142,P0145,2025-07-19,1
CUST0189,005209,P0245,2025-07-19,1
CUST0671,004925,P0213,2025-07-20,1
CUST0671,004925,P0332,2025-07-20,1
CUST0053,004929,P0345,2025-07-20,1
CUST0009,005019,P0124,2025-07-20,4
CUST0844,005041,P0302,2025-07-20,1
CUST0167,005044,P0022,2025-07-20,1
CUST0496,005096,P0280,2025-07-20,1
CUST0024,005110,P0197,2025-07-20,1
CUST0156,005115,P0254,2025-07-20,1
CUST0735,005121,P0242,2025-07-20,1
CUST0193,005124,P0255,2025-07-20,1
CUST0741,005226,P0254,2025-07-20,1
CUST0380,004958,P0279,2025-07-21,1
CUST0267,004994,P0090,2025-07-21,1
CUST0345,005129,P0115,2025-07-21,1
CUST0499,005150,P0117,2025-07-21,1
CUST0760,005167,P0212,2025-07-21,1
CUST0760,005167,P0347,2025-07-21,1
CUST0193,005173,P0028,2025-07-21,1
CUST0613,005178,P0028,2025-07-21,1
CUST0703,005202,P0320,2025-07-21,1
CUST0495,005217,P0011,2025-07-21,1
CUST0697,005225,P0354,2025-07-21,1
CUST0696,005232,P0198,2025-07-21,2
CUST0071,004905,P0347,2025-07-22,1
CUST0294,004956,P0018,2025-07-22,1
CUST0973,004963,P0261,2025-07-22,4
CUST0043,004990,P0044,2025-07-22,1
CUST0125,005091,P0324,2025-07-22,1
CUST0554,005097,P0362,2025-07-22,1
CUST0542,005151,P0110,2025-07-22,1
CUST0474,005215,P0012,2025-07-22,1
CUST0542,005229,P0054,2025-07-22,1
CUST0880,004949,P0236,2025-07-23,1
CUST0697,004999,P0354,2025-07-23,1
CUST0165,005005,P0155,2025-07-23,1
CUST0285,005021,P0357,2025-07-23,1
CUST0024,005110,P0230,2025-07-23,1
CUST0082,005159,P0236,2025-07-23,1
CUST0554,005164,P0273,2025-07-23,1
CUST0167,005191,P0092,2025-07-23,1
CUST0225,005211,P0046,2025-07-23,1
CUST0068,005235,P0354,2025-07-23,1
CUST0653,005243,P0360,2025-07-23,1
CUST0686,005027,P0246,2025-07-24,1
CUST0061,005113,P0160,2025-07-24,1
CUST0846,005186,P0260,2025-07-24,1
CUST0258,005196,P0254,2025-07-24,1
CUST0484,005198,P0110,2025-07-24,1
CUST0574,005238,P0202,2025-07-24,3
CUST0529,004924,P0198,2025-07-25,1
CUST0760,004926,P0318,2025-07-25,1
CUST0041,004979,P0094,2025-07-25,4
CUST0043,004990,P0139,2025-07-25,1
CUST0631,005049,P0030,2025-07-25,1
CUST0844,005104,P0054,2025-07-25,2
CUST0387,005131,P0146,2025-07-25,1
CUST0425,005134,P0156,2025-07-25,1
CUST0690,005182,P0353,2025-07-25,1
CUST0194,005192,P0308,2025-07-25,3
CUST0703,005202,P0020,2025-07-25,3
CUST0224,005007,P0178,2025-07-26,1
CUST0255,005067,P0182,2025-07-26,1
CUST0640,005099,P0042,2025-07-26,1
CUST0082,005159,P0289,2025-07-26,1
CUST0653,005243,P0333,2025-07-26,1
CUST0050,005246,P0359,2025-07-26,1
CUST0909,005262,P0008,2025-07-26,1
CUST0387,005131,P0132,2025-07-27,1
CUST0804,005184,P0118,2025-07-27,1
CUST0484,005198,P0236,2025-07-27,1
CUST0328,005237,P0236,2025-07-27,1
CUST0804,005272,P0349,2025-07-27,1
CUST0844,005104,P0313,2025-07-28,1
CUST0846,005186,P0236,2025-07-28,1
CUST0846,005186,P0188,2025-07-28,1
CUST0159,005190,P0262,2025-07-28,1
CUST0040,005245,P0352,2025-07-28,1
CUST0804,005272,P0333,2025-07-28,1
CUST0502,005163,P0244,2025-07-29,1
CUST0050,005246,P0241,2025-07-29,1
CUST0755,005260,P0260,2025-07-29,1
CUST0066,004980,P0313,2025-07-30,1
CUST0345,005047,P0029,2025-07-30,1
CUST0189,005055,P0265,2025-07-30,1
CUST0844,005104,P0359,2025-07-30,1
CUST0973,005157,P0265,2025-07-30,1
CUST0500,005162,P0250,2025-07-30,1
CUST0193,005173,P0330,2025-07-30,1
CUST0116,005223,P0336,2025-07-30,1
CUST0554,005242,P0380,2025-07-30,1
CUST0240,005247,P0029,2025-07-30,1
CUST0167,005268,P0230,2025-07-30,1
CUST0681,005291,P0155,2025-07-30,1
CUST0697,005292,P0328,2025-07-30,1
CUST0846,005186,P0309,2025-07-31,1
CUST0219,005093,P0070,2025-08-01,1
CUST0807,005138,P0262,2025-08-01,2
CUST0807,005138,P0230,2025-08-01,1
CUST0537,005176,P0131,2025-08-01,1
CUST0796,005261,P0417,2025-08-01,1
CUST0046,005266,P0344,2025-08-01,2
CUST0193,005283,P0448,2025-08-01,1
CUST0410,005288,P0070,2025-08-01,1
CUST0448,005309,P0040,2025-08-01,1
CUST0844,005104,P0139,2025-08-02,1
CUST0796,005261,P0359,2025-08-02,1
CUST0011,005306,P0320,2025-08-02,1
CUST0805,005074,P0451,2025-08-03,1
CUST0913,005106,P0255,2025-08-03,1
CUST0987,005108,P0070,2025-08-03,1
CUST0023,005109,P0119,2025-08-03,1
CUST0874,005281,P0100,2025-08-03,1
CUST0542,005289,P0359,2025-08-03,1
CUST0418,005300,P0308,2025-08-03,1
CUST0095,005307,P0251,2025-08-03,1
CUST0345,005129,P0238,2025-08-04,1
CUST0345,005129,P0053,2025-08-04,1
CUST0973,005157,P0341,2025-08-04,1
CUST0071,005158,P0298,2025-08-04,1
CUST0863,005075,P0118,2025-08-05,1
CUST0805,005102,P0124,2025-08-05,1
CUST0019,005140,P0478,2025-08-05,1
CUST0253,005144,P0249,2025-08-05,1
CUST0655,005153,P0071,2025-08-05,1
CUST0558,005253,P0060,2025-08-05,1
CUST0383,005329,P0088,2025-08-05,1
CUST0672,005154,P0014,2025-08-06,1
CUST0811,005286,P0483,2025-08-06,1
CUST0906,005340,P0116,2025-08-06,1
CUST0987,005108,P0289,2025-08-07,1
CUST0039,005112,P0354,2025-08-07,1
CUST0095,005141,P0273,2025-08-07,1
CUST0194,005192,P0355,2025-08-07,1
CUST0454,005240,P0259,2025-08-07,1
CUST0310,005250,P0255,2025-08-07,1
CUST0796,005261,P0273,2025-08-07,1
CUST0681,005291,P0280,2025-08-07,1
CUST0701,005293,P0082,2025-08-07,1
CUST0696,005324,P0242,2025-08-07,1
CUST0273,005145,P0489,2025-08-08,1
CUST0400,005312,P0030,2025-08-08,1
CUST0727,005320,P0086,2025-08-08,1
CUST0423,005334,P0346,2025-08-08,1
CUST0831,005338,P0112,2025-08-08,1
CUST0869,005170,P0030,2025-08-09,1
CUST0167,005191,P0260,2025-08-09,1
CUST0727,005320,P0327,2025-08-09,1
CUST0269,005322,P0349,2025-08-09,1
CUST0561,005302,P0237,2025-08-10,2
CUST0246,005308,P0118,2025-08-10,2
CUST0110,005342,P0100,2025-08-10,1
CUST0657,005180,P0112,2025-08-11,1
CUST0015,005207,P0208,2025-08-11,3
CUST0697,005319,P0191,2025-08-11,1
CUST0071,005327,P0264,2025-08-11,1
CUST0542,005229,P0178,2025-08-12,2
CUST0167,005268,P0308,2025-08-12,1
CUST0542,005289,P0106,2025-08-12,1
CUST0724,005310,P0275,2025-08-12,1
CUST0423,005334,P0242,2025-08-12,1
CUST0131,005370,P0246,2025-08-12,1
CUST0159,005190,P0072,2025-08-13,1
CUST0979,005206,P0246,2025-08-13,1
CUST0724,005310,P0242,2025-08-13,1
CUST0956,005341,P0333,2025-08-13,1
CUST0977,005376,P0305,2025-08-13,2
CUST0973,005296,P0214,2025-08-14,1
CUST0423,005352,P0258,2025-08-14,1
CUST0083,005373,P0277,2025-08-14,1
CUST0189,005209,P0201,2025-08-15,1
CUST0701,005293,P0065,2025-08-15,1
CUST0973,005296,P0290,2025-08-15,1
CUST0860,005339,P0283,2025-08-15,1
CUST0311,005362,P0280,2025-08-15,1
CUST0376,005363,P0191,2025-08-15,1
CUST0860,005368,P0368,2025-08-15,1
CUST0460,005345,P0149,2025-08-16,1
CUST0083,005356,P0279,2025-08-16,1
CUST0131,005370,P0268,2025-08-16,1
CUST0999,005371,P0247,2025-08-16,1
CUST0360,005378,P0259,2025-08-16,1
CUST0849,005385,P0347,2025-08-16,1
CUST0438,005388,P0277,2025-08-16,1
CUST0713,005391,P0157,2025-08-16,1
CUST0095,005307,P0112,2025-08-17,1
CUST0246,005308,P0313,2025-08-17,2
CUST0387,005364,P0129,2025-08-17,1
CUST0095,005307,P0083,2025-08-18,4
CUST0735,005337,P0498,2025-08-18,1
CUST0874,005375,P0154,2025-08-18,1
CUST0360,005378,P0028,2025-08-18,1
CUST0850,005401,P0474,2025-08-18,1
CUST0613,005330,P0006,2025-08-19,1
CUST0116,005369,P0347,2025-08-19,1
CUST0023,005377,P0156,2025-08-19,1
CUST0849,005385,P0072,2025-08-19,1
CUST0850,005401,P0350,2025-08-19,1
CUST0523,005403,P0372,2025-08-19,1
CUST0248,005408,P0136,2025-08-19,1
CUST0912,005361,P0482,2025-08-20,2
CUST0078,005382,P0396,2025-08-20,1
CUST0599,005390,P0211,2025-08-20,1
CUST0599,005390,P0258,2025-08-20,1
CUST0162,005407,P0339,2025-08-20,2
CUST0372,005413,P0397,2025-08-20,1
CUST0541,005414,P0319,2025-08-20,1
CUST0071,005327,P0254,2025-08-21,1
CUST0523,005336,P0250,2025-08-21,1
CUST0841,005367,P0141,2025-08-21,1
CUST0078,005382,P0260,2025-08-21,1
CUST0245,005397,P0131,2025-08-21,1
CUST0069,005405,P0246,2025-08-21,1
CUST0393,005423,P0210,2025-08-21,1
CUST0071,005327,P0210,2025-08-22,2
CUST0523,005336,P0215,2025-08-22,1
CUST0874,005375,P0100,2025-08-22,1
CUST0467,005379,P0152,2025-08-22,1
CUST0595,005389,P0139,2025-08-22,1
CUST0603,005416,P0028,2025-08-22,1
CUST0062,005282,P0355,2025-08-23,1
CUST0727,005348,P0340,2025-08-23,1
CUST0849,005385,P0126,2025-08-23,1
CUST0849,005385,P0326,2025-08-23,1
CUST0799,005392,P0191,2025-08-23,1
CUST0662,005425,P0071,2025-08-23,1
CUST0308,005431,P0114,2025-08-23,2
CUST0948,005436,P0318,2025-08-23,1
CUST0662,005441,P0154,2025-08-23,1
CUST0195,005284,P0334,2025-08-24,3
CUST0431,005354,P0256,2025-08-24,1
CUST0595,005389,P0203,2025-08-24,1
CUST0507,005433,P0368,2025-08-24,1
CUST0850,005448,P0347,2025-08-24,1
CUST0110,005349,P0347,2025-08-25,3
CUST0438,005388,P0226,2025-08-25,3
CUST0049,005394,P0275,2025-08-25,1
CUST0162,005407,P0313,2025-08-25,1
CUST0162,005407,P0326,2025-08-25,1
CUST0572,005411,P0380,2025-08-25,1
CUST0387,005446,P0357,2025-08-25,1
CUST0095,005449,P0254,2025-08-25,1
CUST0879,005419,P0269,2025-08-26,2
CUST0110,005429,P0265,2025-08-26,1
CUST0404,005432,P0060,2025-08-26,1
CUST0011,005306,P0305,2025-08-27,3
CUST0071,005327,P0357,2025-08-27,1
CUST0831,005338,P0082,2025-08-27,1
CUST0425,005359,P0147,2025-08-27,1
CUST0184,005421,P0133,2025-08-27,2
CUST0393,005423,P0255,2025-08-27,1
CUST0507,005433,P0131,2025-08-27,2
CUST0078,005382,P0236,2025-08-28,1
CUST0423,005409,P0230,2025-08-28,1
CUST0073,005464,P0251,2025-08-28,1
CUST0657,005468,P0384,2025-08-28,1
CUST0110,005429,P0053,2025-08-29,2
CUST0507,005433,P0068,2025-08-29,1
CUST0860,005455,P0261,2025-08-29,1
CUST0128,005458,P0412,2025-08-29,1
CUST0139,005459,P0373,2025-08-29,1
CUST0703,005461,P0194,2025-08-29,1
CUST0849,005385,P0077,2025-08-30,1
CUST0069,005405,P0313,2025-08-30,1
CUST0423,005409,P0376,2025-08-30,1
CUST0073,005464,P0289,2025-08-30,1
CUST0912,005469,P0396,2025-08-30,1
CUST0841,005367,P0009,2025-08-31,2
CUST0049,005394,P0151,2025-08-31,1
CUST0200,005396,P0060,2025-08-31,1
CUST0069,005405,P0213,2025-08-31,1
CUST0572,005411,P0182,2025-08-31,1
CUST0071,005438,P0408,2025-08-31,1
CUST0454,005460,P0278,2025-08-31,1
CUST0703,005461,P0188,2025-08-31,1
CUST0703,005461,P0072,2025-08-31,1
CUST0640,005474,P0352,2025-08-31,1
CUST0899,005488,P0265,2025-08-31,1
CUST0110,005429,P0024,2025-09-01,1
CUST0095,005449,P0368,2025-09-01,1
CUST0990,005452,P0233,2025-09-01,1
CUST0990,005452,P0335,2025-09-01,1
CUST0108,005482,P0289,2025-09-01,1
CUST0846,005435,P0198,2025-09-02,2
CUST0844,005481,P0298,2025-09-02,1
CUST0844,005481,P0260,2025-09-02,1
CUST0110,005349,P0091,2025-09-03,1
CUST0153,005358,P0056,2025-09-03,1
CUST0393,005423,P0236,2025-09-03,1
CUST0657,005468,P0022,2025-09-03,1
CUST0204,005495,P0213,2025-09-03,1
CUST0345,005466,P0335,2025-09-04,1
CUST0443,005467,P0168,2025-09-04,1
CUST0227,005471,P0030,2025-09-04,1
CUST0682,005480,P0178,2025-09-04,1
CUST0161,005484,P0198,2025-09-04,1
CUST0844,005486,P0347,2025-09-04,1
CUST0893,005487,P0313,2025-09-04,1
CUST0128,005492,P0395,2025-09-05,1
CUST0014,005393,P0418,2025-09-06,1
CUST0404,005432,P0354,2025-09-06,1
CUST0071,005438,P0330,2025-09-06,1
CUST0759,005490,P0293,2025-09-06,1
CUST0474,005515,P0265,2025-09-06,1
CUST0467,005365,P0202,2025-09-07,1
CUST0049,005394,P0101,2025-09-07,1
CUST0227,005471,P0413,2025-09-07,1
CUST0071,005523,P0310,2025-09-07,1
CUST0874,005375,P0414,2025-09-08,1
CUST0599,005390,P0488,2025-09-08,1
CUST0703,005461,P0267,2025-09-08,1
CUST0301,005514,P0166,2025-09-08,1
CUST0844,005519,P0244,2025-09-08,2
CUST0663,005381,P0334,2025-09-09,3
CUST0757,005451,P0236,2025-09-09,1
CUST0627,005473,P0333,2025-09-09,1
CUST0193,005494,P0280,2025-09-09,1
CUST0184,005507,P0451,2025-09-09,3
CUST0071,005523,P0325,2025-09-09,1
CUST0856,005529,P0333,2025-09-09,1
CUST0070,005535,P0222,2025-09-09,1
CUST0507,005433,P0206,2025-09-10,1
CUST0073,005457,P0246,2025-09-10,1
CUST0844,005519,P0313,2025-09-10,1
CUST0846,005545,P0090,2025-09-10,2
CUST0799,005392,P0153,2025-09-11,1
CUST0071,005477,P0436,2025-09-11,1
CUST0159,005502,P0391,2025-09-11,1
CUST0554,005509,P0390,2025-09-11,1
CUST0474,005515,P0181,2025-09-11,1
CUST0688,005517,P0342,2025-09-11,1
CUST0227,005471,P0397,2025-09-12,1
CUST0108,005482,P0250,2025-09-12,1
CUST0516,005508,P0300,2025-09-12,1
CUST0554,005509,P0321,2025-09-12,1
CUST0574,005537,P0069,2025-09-12,1
CUST0973,005555,P0025,2025-09-12,1
CUST0948,005436,P0069,2025-09-13,1
CUST0108,005482,P0275,2025-09-13,1
CUST0514,005527,P0396,2025-09-13,1
CUST0116,005539,P0131,2025-09-13,1
CUST0595,005551,P0218,2025-09-13,1
CUST0899,005488,P0280,2025-09-14,1
CUST0697,005503,P0450,2025-09-14,1
CUST0516,005508,P0100,2025-09-14,1
CUST0674,005532,P0144,2025-09-14,1
CUST0584,005543,P0413,2025-09-14,1
CUST0219,005567,P0071,2025-09-14,1
CUST0070,005420,P0252,2025-09-15,1
CUST0912,005469,P0277,2025-09-15,1
CUST0870,005491,P0205,2025-09-15,2
CUST0128,005492,P0332,2025-09-15,1
CUST0070,005535,P0226,2025-09-15,3
CUST0424,005542,P0388,2025-09-15,2
CUST0345,005466,P0159,2025-09-16,1
CUST0159,005502,P0273,2025-09-16,1
CUST0345,005466,P0047,2025-09-17,1
CUST0193,005494,P0031,2025-09-17,1
CUST0846,005545,P0280,2025-09-17,1
CUST0595,005583,P0431,2025-09-17,1
CUST0024,005587,P0208,2025-09-17,1
CUST0193,005590,P0476,2025-09-17,1
CUST0159,005597,P0351,2025-09-17,1
CUST0727,005600,P0410,2025-09-17,1
CUST0846,005545,P0394,2025-09-18,1
CUST0231,005549,P0298,2025-09-18,2
CUST0747,005553,P0218,2025-09-18,1
CUST0599,005572,P0265,2025-09-18,1
CUST0681,005574,P0212,2025-09-18,3
CUST0367,005581,P0075,2025-09-18,1
CUST0556,005599,P0008,2025-09-18,1
CUST0038,005560,P0385,2025-09-19,1
CUST0595,005571,P0246,2025-09-19,1
CUST0476,005598,P0406,2025-09-19,1
CUST0822,005476,P0029,2025-09-20,1
CUST0136,005540,P0036,2025-09-20,1
CUST0050,005577,P0457,2025-09-20,3
CUST0116,005596,P0247,2025-09-20,1
CUST0556,005603,P0132,2025-09-20,1
CUST0989,005608,P0260,2025-09-20,1
CUST0554,005509,P0408,2025-09-21,1
CUST0213,005513,P0320,2025-09-21,1
CUST0476,005598,P0420,2025-09-21,1
CUST0175,005610,P0245,2025-09-21,1
CUST0200,005611,P0149,2025-09-21,1
CUST0979,005614,P0236,2025-09-21,1
CUST0703,005623,P0394,2025-09-21,1
CUST0850,005632,P0340,2025-09-21,5
CUST0375,005485,P0268,2025-09-22,1
CUST0054,005506,P0245,2025-09-22,1
CUST0231,005549,P0349,2025-09-22,1
CUST0599,005572,P0285,2025-09-22,1
CUST0595,005583,P0233,2025-09-22,1
CUST0926,005593,P0307,2025-09-22,1
CUST0116,005596,P0246,2025-09-22,1
CUST0162,005609,P0091,2025-09-22,1
CUST0558,005621,P0275,2025-09-22,1
CUST0703,005639,P0309,2025-09-22,1
CUST0595,005551,P0278,2025-09-23,1
CUST0555,005569,P0268,2025-09-23,1
CUST0063,005594,P0158,2025-09-23,1
CUST0556,005603,P0047,2025-09-23,1
CUST0581,005612,P0043,2025-09-23,1
CUST0563,005510,P0426,2025-09-24,1
CUST0846,005545,P0377,2025-09-24,1
CUST0558,005591,P0279,2025-09-24,1
CUST0110,005649,P0438,2025-09-24,1
CUST0590,005479,P0008,2025-09-25,1
CUST0225,005637,P0158,2025-09-25,1
CUST0862,005666,P0402,2025-09-25,1
CUST0788,005544,P0377,2025-09-26,1
CUST0595,005571,P0277,2025-09-26,1
CUST0682,005613,P0333,2025-09-26,1
CUST0121,005617,P0404,2025-09-26,1
CUST0083,005659,P0318,2025-09-26,1
CUST0108,005482,P0236,2025-09-27,1
CUST0159,005597,P0250,2025-09-27,1
CUST0062,005615,P0144,2025-09-27,1
CUST0163,005618,P0218,2025-09-27,1
CUST0163,005618,P0065,2025-09-27,1
CUST0878,005633,P0037,2025-09-27,1
CUST0703,005639,P0124,2025-09-27,1
CUST0928,005656,P0268,2025-09-27,1
CUST0079,005658,P0198,2025-09-27,1
CUST0138,005660,P0396,2025-09-27,1
CUST0474,005515,P0186,2025-09-28,1
CUST0050,005577,P0236,2025-09-28,1
CUST0193,005590,P0394,2025-09-28,1
CUST0595,005631,P0412,2025-09-28,1
CUST0878,005633,P0077,2025-09-28,1
CUST0599,005644,P0242,2025-09-28,1
CUST0116,005650,P0393,2025-09-28,1
CUST0813,005665,P0139,2025-09-28,1
CUST0568,005682,P0201,2025-09-28,1
CUST0083,005686,P0230,2025-09-28,1
CUST0758,005584,P0239,2025-09-29,1
CUST0219,005628,P0277,2025-09-29,2
CUST0095,005634,P0070,2025-09-29,1
CUST0184,005636,P0218,2025-09-29,1
CUST0928,005656,P0229,2025-09-29,1
CUST0439,005675,P0099,2025-09-29,1
CUST0516,005508,P0003,2025-09-30,1
CUST0301,005514,P0404,2025-09-30,1
CUST0584,005543,P0404,2025-09-30,1
CUST0063,005564,P0320,2025-09-30,1
CUST0703,005653,P0004,2025-09-30,2
CUST0083,005659,P0411,2025-09-30,1
CUST0979,005668,P0076,2025-09-30,2
CUST0568,005682,P0412,2025-09-30,1
CUST0860,005709,P0242,2025-09-30,1
CUST0907,005504,P0268,2025-10-01,1
CUST0462,005568,P0113,2025-10-01,1
CUST0599,005572,P0092,2025-10-01,1
CUST0989,005608,P0264,2025-10-01,1
CUST0979,005614,P0267,2025-10-01,2
CUST0083,005616,P0070,2025-10-01,1
CUST0850,005632,P0245,2025-10-01,1
CUST0175,005652,P0230,2025-10-01,1
CUST0703,005653,P0310,2025-10-01,1
CUST0365,005673,P0260,2025-10-01,1
CUST0345,005681,P0070,2025-10-01,1
CUST0220,005688,P0382,2025-10-01,1
CUST0471,005690,P0218,2025-10-01,1
CUST0730,005698,P0158,2025-10-01,1
CUST0863,005716,P0106,2025-10-01,1
CUST0688,005517,P0140,2025-10-02,1
CUST0672,005663,P0198,2025-10-02,1
CUST0831,005726,P0192,2025-10-02,1
CUST0476,005598,P0397,2025-10-03,1
CUST0595,005631,P0251,2025-10-03,1
CUST0568,005682,P0158,2025-10-03,1
CUST0110,005693,P0376,2025-10-03,1
CUST0831,005714,P0083,2025-10-03,3
CUST0846,005715,P0369,2025-10-03,1
CUST0063,005564,P0094,2025-10-04,1
CUST0573,005570,P0247,2025-10-04,1
CUST0073,005595,P0047,2025-10-04,1
CUST0807,005604,P0271,2025-10-04,2
CUST0080,005679,P0289,2025-10-04,1
CUST0979,005668,P0118,2025-10-05,1
CUST0640,005683,P0013,2025-10-05,1
CUST0471,005690,P0258,2025-10-05,1
CUST0387,005706,P0142,2025-10-05,1
CUST0175,005710,P0265,2025-10-05,1
CUST0073,005718,P0289,2025-10-05,1
CUST0558,005591,P0004,2025-10-06,1
CUST0162,005609,P0158,2025-10-06,1
CUST0365,005673,P0213,2025-10-06,1
CUST0098,005687,P0158,2025-10-06,1
CUST0846,005715,P0278,2025-10-06,1
CUST0863,005716,P0407,2025-10-06,1
CUST0317,005721,P0313,2025-10-06,1
CUST0595,005622,P0266,2025-10-07,1
CUST0184,005636,P0249,2025-10-07,2
CUST0431,005674,P0420,2025-10-07,1
CUST0345,005681,P0047,2025-10-07,1
CUST0831,005714,P0355,2025-10-07,2
CUST0774,005733,P0293,2025-10-07,1
CUST0467,005743,P0086,2025-10-07,1
CUST0973,005746,P0366,2025-10-07,1
CUST0224,005748,P0044,2025-10-07,1
CUST0627,005752,P0228,2025-10-07,1
CUST0595,005631,P0277,2025-10-08,1
CUST0712,005664,P0161,2025-10-08,1
CUST0979,005668,P0198,2025-10-08,1
CUST0514,005676,P0494,2025-10-08,1
CUST0573,005695,P0263,2025-10-08,1
CUST0507,005732,P0389,2025-10-08,1
CUST0807,005604,P0236,2025-10-09,1
CUST0083,005659,P0222,2025-10-09,1
CUST0080,005679,P0166,2025-10-09,1
CUST0220,005702,P0351,2025-10-09,1
CUST0175,005719,P0382,2025-10-09,1
CUST0724,005592,P0242,2025-10-10,1
CUST0084,005740,P0029,2025-10-10,1
CUST0627,005752,P0362,2025-10-10,1
CUST0159,005753,P0139,2025-10-10,1
CUST0224,005755,P0409,2025-10-10,1
CUST0804,005760,P0347,2025-10-10,1
CUST0423,005763,P0275,2025-10-10,1
CUST0200,005611,P0133,2025-10-11,1
CUST0928,005656,P0407,2025-10-11,1
CUST0763,005730,P0347,2025-10-11,1
CUST0831,005731,P0041,2025-10-11,1
CUST0235,005737,P0198,2025-10-11,1
CUST0599,005644,P0283,2025-10-12,1
CUST0798,005759,P0247,2025-10-12,1
CUST0423,005763,P0265,2025-10-12,3
CUST0537,005764,P0159,2025-10-12,1
CUST0083,005602,P0368,2025-10-13,1
CUST0807,005734,P0230,2025-10-13,1
CUST0541,005775,P0158,2025-10-13,1
CUST0705,005776,P0411,2025-10-13,1
CUST0813,005778,P0410,2025-10-13,1
CUST0550,005724,P0176,2025-10-14,1
CUST0831,005731,P0100,2025-10-14,1
CUST0807,005734,P0222,2025-10-14,1
CUST0741,005758,P0289,2025-10-14,1
CUST0523,005767,P0100,2025-10-14,1
CUST0717,005725,P0197,2025-10-15,1
CUST0198,005762,P0369,2025-10-15,2
CUST0002,005770,P0219,2025-10-15,1
CUST0747,005777,P0407,2025-10-15,1
CUST0804,005760,P0292,2025-10-16,1
CUST0198,005762,P0302,2025-10-16,1
CUST0563,005765,P0144,2025-10-16,1
CUST0002,005770,P0246,2025-10-16,2
CUST0145,005780,P0394,2025-10-16,1
CUST0862,005666,P0346,2025-10-17,1
CUST0399,005788,P0275,2025-10-17,1
CUST0846,005715,P0233,2025-10-18,1
CUST0481,005750,P0362,2025-10-18,1
CUST0159,005753,P0233,2025-10-18,1
CUST0636,005789,P0388,2025-10-18,1
CUST0727,005794,P0345,2025-10-18,1
CUST0799,005685,P0176,2025-10-19,1
CUST0973,005746,P0403,2025-10-19,1
CUST0378,005749,P0245,2025-10-19,1
CUST0145,005780,P0404,2025-10-19,1
CUST0514,005676,P0256,2025-10-21,1
CUST0685,005810,P0198,2025-10-21,1
CUST0376,005742,P0070,2025-10-22,1
CUST0580,005808,P0158,2025-10-22,1
CUST0627,005752,P0413,2025-10-23,1
CUST0454,005722,P0203,2025-10-24,1
CUST0879,005821,P0347,2025-10-24,1
CUST0703,005832,P0054,2025-10-24,1
CUST0913,005836,P0259,2025-10-24,1
CUST0491,005711,P0060,2025-10-25,1
CUST0717,005725,P0070,2025-10-25,3
CUST0423,005763,P0284,2025-10-25,1
CUST0774,005815,P0391,2025-10-25,1
CUST0359,005830,P0256,2025-10-25,1
CUST0317,005721,P0112,2025-10-26,1
CUST0774,005815,P0310,2025-10-26,1
CUST0920,005823,P0209,2025-10-26,1
CUST0193,005845,P0144,2025-10-26,1
CUST0507,005732,P0130,2025-10-27,1
CUST0563,005765,P0194,2025-10-27,1
CUST0055,005772,P0355,2025-10-27,1
CUST0511,005785,P0340,2025-10-27,2
CUST0096,005817,P0094,2025-10-27,1
CUST0823,005833,P0085,2025-10-27,2
CUST0116,005851,P0370,2025-10-28,1
CUST0982,005824,P0222,2025-10-29,2
CUST0448,005831,P0011,2025-10-30,1
CUST0710,005847,P0206,2025-10-30,1
CUST0050,005865,P0405,2025-10-30,1
CUST0255,005870,P0138,2025-10-30,1
CUST0574,005804,P0275,2025-10-31,1
CUST0823,005833,P0152,2025-10-31,3
CUST0040,005874,P0279,2025-10-31,1
CUST0358,005877,P0461,2025-10-31,1
CUST0254,005803,P0013,2025-11-01,4
CUST0200,005853,P0338,2025-11-01,1
CUST0907,005858,P0275,2025-11-01,1
CUST0254,005803,P0245,2025-11-02,1
CUST0246,005827,P0287,2025-11-02,1
CUST0314,005828,P0211,2025-11-02,1
CUST0193,005845,P0251,2025-11-02,2
CUST0200,005853,P0191,2025-11-02,1
CUST0261,005859,P0388,2025-11-02,1
CUST0423,005763,P0269,2025-11-03,1
CUST0563,005765,P0388,2025-11-03,1
CUST0015,005771,P0277,2025-11-03,1
CUST0010,005806,P0158,2025-11-03,1
CUST0200,005853,P0057,2025-11-03,1
CUST0193,005875,P0456,2025-11-03,1
CUST0655,005886,P0111,2025-11-03,1
CUST0850,005891,P0196,2025-11-03,1
CUST0662,005769,P0048,2025-11-04,1
CUST0145,005780,P0391,2025-11-04,1
CUST0095,005900,P0376,2025-11-04,1
CUST0200,005901,P0124,2025-11-04,1
CUST0681,005846,P0086,2025-11-05,1
CUST0200,005868,P0111,2025-11-05,1
CUST0863,005872,P0401,2025-11-05,1
CUST0193,005875,P0081,2025-11-05,1
CUST0463,005878,P0002,2025-11-05,1
CUST0654,005885,P0415,2025-11-05,1
CUST0275,005889,P0275,2025-11-05,1
CUST0070,005902,P0234,2025-11-05,1
CUST0863,005872,P0380,2025-11-06,1
CUST0371,005882,P0214,2025-11-06,1
CUST0070,005902,P0274,2025-11-06,1
CUST0710,005841,P0136,2025-11-07,2
CUST0193,005845,P0377,2025-11-07,1
CUST0556,005862,P0164,2025-11-07,1
CUST0050,005865,P0442,2025-11-07,1
CUST0040,005874,P0290,2025-11-07,1
CUST0655,005886,P0232,2025-11-07,1
CUST0275,005889,P0226,2025-11-07,1
CUST0607,005897,P0483,2025-11-07,1
CUST0869,005899,P0385,2025-11-07,2
CUST0070,005902,P0387,2025-11-07,1
CUST0631,005908,P0159,2025-11-07,1
CUST0905,005822,P0158,2025-11-08,2
CUST0813,005879,P0054,2025-11-08,3
CUST0929,005892,P0414,2025-11-08,1
CUST0095,005900,P0285,2025-11-08,1
CUST0131,005911,P0247,2025-11-08,1
CUST0448,005831,P0004,2025-11-09,1
CUST0107,005844,P0069,2025-11-09,1
CUST0193,005875,P0416,2025-11-09,1
CUST0607,005897,P0355,2025-11-09,1
CUST0095,005900,P0364,2025-11-09,1
CUST0200,005901,P0265,2025-11-09,1
CUST0116,005851,P0254,2025-11-10,1
CUST0131,005894,P0190,2025-11-10,1
CUST0241,005905,P0440,2025-11-10,1
CUST0541,005912,P0325,2025-11-10,1
CUST0606,005925,P0301,2025-11-10,1
CUST0599,005932,P0364,2025-11-10,1
CUST0431,005792,P0041,2025-11-11,1
CUST0879,005821,P0246,2025-11-11,1
CUST0193,005845,P0382,2025-11-11,1
CUST0710,005847,P0228,2025-11-11,1
CUST0860,005887,P0245,2025-11-12,2
CUST0070,005902,P0380,2025-11-12,1
CUST0727,005916,P0364,2025-11-12,1
CUST0784,005940,P0419,2025-11-12,1
CUST0982,005824,P0204,2025-11-13,1
CUST0863,005872,P0014,2025-11-13,1
CUST0084,005903,P0164,2025-11-13,1
CUST0844,005946,P0210,2025-11-13,1
CUST0040,005874,P0201,2025-11-14,1
CUST0070,005902,P0069,2025-11-14,1
CUST0595,005924,P0326,2025-11-14,1
CUST0116,005851,P0403,2025-11-15,1
CUST0040,005867,P0280,2025-11-15,1
CUST0860,005887,P0370,2025-11-15,1
CUST0607,005897,P0398,2025-11-15,1
CUST0874,005917,P0346,2025-11-15,1
CUST0844,005946,P0322,2025-11-15,1
CUST0098,005970,P0380,2025-11-15,1
CUST0657,005973,P0111,2025-11-15,1
CUST0937,005981,P0402,2025-11-15,1
CUST0710,005847,P0256,2025-11-16,1
CUST0850,005891,P0152,2025-11-16,1
CUST0631,005908,P0400,2025-11-16,1
CUST0397,005952,P0124,2025-11-16,1
CUST0325,005988,P0247,2025-11-16,2
CUST0929,005892,P0409,2025-11-17,1
CUST0850,005967,P0389,2025-11-17,1
CUST0098,005970,P0405,2025-11-17,1
CUST0215,005985,P0326,2025-11-17,1
CUST0095,005995,P0226,2025-11-17,1
CUST0599,006000,P0265,2025-11-17,1
CUST0371,005882,P0325,2025-11-18,1
CUST0345,005920,P0158,2025-11-18,1
CUST0418,005930,P0274,2025-11-18,1
CUST0803,005966,P0367,2025-11-18,1
CUST0065,005974,P0410,2025-11-18,1
CUST0599,006000,P0183,2025-11-18,1
CUST0463,005878,P0092,2025-11-19,1
CUST0262,005937,P0256,2025-11-19,1
CUST0156,005975,P0396,2025-11-19,1
CUST0851,005980,P0380,2025-11-19,1
CUST0937,005981,P0308,2025-11-19,1
CUST0558,005999,P0392,2025-11-19,1
CUST0906,005849,P0354,2025-11-20,1
CUST0110,005910,P0197,2025-11-20,1
CUST0734,005939,P0054,2025-11-20,1
CUST0784,005940,P0363,2025-11-20,1
CUST0558,005999,P0076,2025-11-20,1
CUST0193,005845,P0388,2025-11-21,1
CUST0606,005925,P0268,2025-11-21,1
CUST0963,005968,P0475,2025-11-21,1
CUST0215,005985,P0347,2025-11-21,1
CUST0699,005990,P0104,2025-11-21,2
CUST0071,005994,P0325,2025-11-21,3
CUST0389,005998,P0247,2025-11-21,1
CUST0387,006017,P0371,2025-11-21,1
CUST0879,005857,P0158,2025-11-22,1
CUST0275,005889,P0239,2025-11-22,3
CUST0131,005894,P0275,2025-11-22,1
CUST0254,005919,P0087,2025-11-22,1
CUST0262,005937,P0268,2025-11-22,1
CUST0467,005962,P0376,2025-11-22,1
CUST0699,005990,P0192,2025-11-22,1
CUST0339,005997,P0347,2025-11-22,1
CUST0697,006033,P0055,2025-11-22,3
CUST0585,005907,P0295,2025-11-23,3
CUST0850,005967,P0421,2025-11-23,1
CUST0599,006000,P0069,2025-11-23,1
CUST0556,006013,P0347,2025-11-23,1
CUST0969,006039,P0268,2025-11-23,1
CUST0175,005881,P0403,2025-11-24,1
CUST0065,005974,P0008,2025-11-24,1
CUST0071,005994,P0436,2025-11-24,1
CUST0599,006000,P0395,2025-11-24,2
CUST0198,006026,P0008,2025-11-24,2
CUST0710,006028,P0261,2025-11-24,1
CUST0817,006035,P0410,2025-11-24,1
CUST0847,006037,P0412,2025-11-24,1
CUST0339,006044,P0407,2025-11-24,1
CUST0113,006048,P0410,2025-11-24,1
CUST0599,005932,P0290,2025-11-25,4
CUST0375,005950,P0275,2025-11-25,1
CUST0397,005952,P0190,2025-11-25,2
CUST0219,006011,P0071,2025-11-25,1
CUST0058,006024,P0208,2025-11-25,1
CUST0198,006026,P0371,2025-11-25,1
CUST0142,006057,P0411,2025-11-25,1
CUST0643,006066,P0332,2025-11-25,1
CUST0846,006069,P0262,2025-11-25,1
CUST0929,005892,P0393,2025-11-26,1
CUST0760,005955,P0309,2025-11-26,1
CUST0558,005999,P0248,2025-11-26,1
CUST0913,006015,P0269,2025-11-26,2
CUST0339,006044,P0236,2025-11-26,1
CUST0113,006048,P0340,2025-11-26,1
CUST0113,006048,P0308,2025-11-26,1
CUST0561,005944,P0383,2025-11-27,1
CUST0655,006084,P0378,2025-11-27,1
CUST0655,006084,P0091,2025-11-27,1
CUST0175,006030,P0222,2025-11-28,1
CUST0070,006073,P0370,2025-11-28,1
CUST0682,006085,P0190,2025-11-28,1
CUST0874,005917,P0297,2025-11-29,1
CUST0339,006044,P0247,2025-11-29,1
CUST0059,006056,P0005,2025-11-29,1
CUST0263,006075,P0120,2025-11-29,1
CUST0682,006085,P0158,2025-11-29,1
CUST0320,006106,P0088,2025-11-29,3
CUST0213,006131,P0171,2025-11-29,1
CUST0681,006176,P0243,2025-11-29,1
CUST0767,006180,P0313,2025-11-29,1
CUST0867,006185,P0139,2025-11-29,1
CUST0397,005952,P0071,2025-11-30,2
CUST0156,005996,P0186,2025-11-30,1
CUST0804,006034,P0347,2025-11-30,2
CUST0128,006043,P0186,2025-11-30,1
CUST0070,006073,P0221,2025-11-30,2
CUST0595,006083,P0347,2025-11-30,1
CUST0682,006085,P0058,2025-11-30,2
CUST0697,006087,P0245,2025-11-30,1
CUST0926,006091,P0202,2025-11-30,1
CUST0308,006105,P0334,2025-11-30,1
CUST0436,006109,P0370,2025-11-30,1
CUST0599,006140,P0016,2025-11-30,1
CUST0817,006148,P0061,2025-11-30,1
CUST0844,006149,P0397,2025-11-30,1
CUST0071,006155,P0349,2025-11-30,1
CUST0771,006207,P0054,2025-11-30,1
CUST0219,006011,P0217,2025-12-01,1
CUST0058,006024,P0229,2025-12-01,1
CUST0846,006069,P0355,2025-12-01,1
CUST0846,006069,P0394,2025-12-01,1
CUST0263,006075,P0078,2025-12-01,2
CUST0621,006115,P0071,2025-12-01,1
CUST0631,006116,P0041,2025-12-01,3
CUST0050,006129,P0339,2025-12-01,1
CUST0114,006158,P0175,2025-12-01,1
CUST0703,006177,P0370,2025-12-01,1
CUST0727,006178,P0411,2025-12-01,1
CUST0767,006180,P0302,2025-12-01,1
CUST0193,006189,P0420,2025-12-01,1
CUST0193,006189,P0394,2025-12-01,2
CUST0301,006193,P0397,2025-12-01,1
CUST0580,006201,P0106,2025-12-01,1
CUST0772,006208,P0210,2025-12-01,4
CUST0913,006212,P0226,2025-12-01,1
CUST0499,006225,P0142,2025-12-01,1
CUST0710,005933,P0265,2025-12-02,1
CUST0556,006013,P0039,2025-12-02,1
CUST0454,006063,P0336,2025-12-02,1
CUST0436,006109,P0268,2025-12-02,1
CUST0804,006121,P0310,2025-12-02,1
CUST0879,006125,P0266,2025-12-02,1
CUST0882,006127,P0186,2025-12-02,1
CUST0216,006132,P0267,2025-12-02,1
CUST0599,006140,P0211,2025-12-02,1
CUST0116,006159,P0456,2025-12-02,3
CUST0674,006175,P0438,2025-12-02,1
CUST0019,006214,P0261,2025-12-02,1
CUST0652,006227,P0351,2025-12-02,1
CUST0846,006233,P0407,2025-12-02,1
CUST0780,006253,P0265,2025-12-02,1
CUST0599,005932,P0222,2025-12-03,2
CUST0038,005942,P0411,2025-12-03,1
CUST0339,005997,P0377,2025-12-03,1
CUST0454,006063,P0405,2025-12-03,1
CUST0263,006075,P0015,2025-12-03,1
CUST0523,006112,P0086,2025-12-03,2
CUST0724,006117,P0242,2025-12-03,1
CUST0621,006173,P0265,2025-12-03,1
CUST0862,006183,P0206,2025-12-03,1
CUST0255,006221,P0167,2025-12-03,4
CUST0846,006233,P0259,2025-12-03,1
CUST0710,006274,P0202,2025-12-03,2
CUST0474,006018,P0233,2025-12-04,1
CUST0724,006067,P0346,2025-12-04,1
CUST0804,006121,P0362,2025-12-04,1
CUST0846,006122,P0259,2025-12-04,4
CUST0216,006132,P0382,2025-12-04,1
CUST0474,006138,P0227,2025-12-04,1
CUST0740,006145,P0299,2025-12-04,1
CUST0879,006150,P0441,2025-12-04,1
CUST0095,006156,P0153,2025-12-04,1
CUST0116,006159,P0209,2025-12-04,3
CUST0339,006166,P0475,2025-12-04,1
CUST0621,006173,P0154,2025-12-04,1
CUST0703,006177,P0275,2025-12-04,1
CUST0187,006188,P0381,2025-12-04,1
CUST0073,006217,P0246,2025-12-04,1
CUST0167,006219,P0222,2025-12-04,1
CUST0255,006221,P0116,2025-12-04,1
CUST0692,006228,P0116,2025-12-04,1
CUST0895,006234,P0266,2025-12-04,1
CUST0940,006255,P0239,2025-12-04,2
CUST0142,006283,P0411,2025-12-04,2
CUST0901,006325,P0410,2025-12-04,1
CUST0909,006326,P0152,2025-12-04,1
CUST0913,006328,P0263,2025-12-04,1
CUST0606,005925,P0247,2025-12-05,1
CUST0794,005979,P0202,2025-12-05,1
CUST0339,006044,P0326,2025-12-05,1
CUST0263,006075,P0154,2025-12-05,1
CUST0253,006102,P0273,2025-12-05,1
CUST0301,006135,P0298,2025-12-05,1
CUST0110,006157,P0245,2025-12-05,1
CUST0560,006172,P0380,2025-12-05,1
CUST0727,006178,P0355,2025-12-05,1
CUST0862,006183,P0212,2025-12-05,1
CUST0503,006198,P0114,2025-12-05,1
CUST0073,006217,P0268,2025-12-05,1
CUST0073,006217,P0263,2025-12-05,1
CUST0516,006249,P0083,2025-12-05,1
CUST0423,006267,P0285,2025-12-05,1
CUST0308,006338,P0408,2025-12-05,2
CUST0585,005945,P0412,2025-12-06,1
CUST0973,005993,P0245,2025-12-06,1
CUST0258,006103,P0373,2025-12-06,1
CUST0114,006158,P0383,2025-12-06,1
CUST0767,006180,P0380,2025-12-06,1
CUST0863,006184,P0108,2025-12-06,1
CUST0167,006219,P0411,2025-12-06,1
CUST0833,006232,P0111,2025-12-06,1
CUST0322,006244,P0256,2025-12-06,1
CUST0419,006297,P0391,2025-12-06,1
CUST0156,006058,P0416,2025-12-07,1
CUST0655,006084,P0248,2025-12-07,1
CUST0703,006088,P0139,2025-12-07,1
CUST0703,006088,P0256,2025-12-07,1
CUST0556,006200,P0397,2025-12-07,1
CUST0631,006203,P0222,2025-12-07,1
CUST0499,006225,P0109,2025-12-07,1
CUST0715,006252,P0412,2025-12-07,1
CUST0843,006254,P0227,2025-12-07,1
CUST0741,006276,P0438,2025-12-07,1
CUST0193,006287,P0372,2025-12-07,1
CUST0496,006303,P0230,2025-12-07,2
CUST0542,006305,P0371,2025-12-07,1
CUST0774,006316,P0084,2025-12-07,1
CUST0308,006338,P0382,2025-12-07,1
CUST0423,006340,P0376,2025-12-07,1
CUST0697,006087,P0022,2025-12-08,1
CUST0187,006099,P0391,2025-12-08,1
CUST0028,006154,P0233,2025-12-08,1
CUST0681,006176,P0086,2025-12-08,1
CUST0482,006224,P0268,2025-12-08,1
CUST0906,006235,P0449,2025-12-08,1
CUST0105,006238,P0056,2025-12-08,1
CUST0322,006244,P0210,2025-12-08,1
CUST0175,006260,P0222,2025-12-08,1
CUST0926,006277,P0309,2025-12-08,5
CUST0703,006313,P0409,2025-12-08,1
CUST0738,006315,P0380,2025-12-08,1
CUST0116,006130,P0047,2025-12-09,1
CUST0071,006155,P0229,2025-12-09,1
CUST0895,006234,P0247,2025-12-09,2
CUST0095,006257,P0412,2025-12-09,1
CUST0710,006274,P0226,2025-12-09,1
CUST0062,006280,P0289,2025-12-09,1
CUST0665,006311,P0389,2025-12-09,1
CUST0844,006320,P0158,2025-12-09,1
CUST0913,006328,P0223,2025-12-09,1
CUST0073,006335,P0362,2025-12-09,1
CUST0697,006033,P0115,2025-12-10,1
CUST0195,006100,P0411,2025-12-10,1
CUST0253,006102,P0347,2025-12-10,1
CUST0913,006152,P0216,2025-12-10,1
CUST0674,006175,P0362,2025-12-10,1
CUST0767,006180,P0315,2025-12-10,1
CUST0862,006183,P0341,2025-12-10,1
CUST0657,006204,P0059,2025-12-10,1
CUST0681,006251,P0074,2025-12-10,1
CUST0175,006260,P0306,2025-12-10,1
CUST0926,006277,P0265,2025-12-10,1
CUST0380,006295,P0376,2025-12-10,1
CUST0585,006308,P0055,2025-12-10,1
CUST0070,006073,P0417,2025-12-11,1
CUST0523,006112,P0402,2025-12-11,1
CUST0781,006230,P0265,2025-12-11,1
CUST0697,006273,P0243,2025-12-11,3
CUST0419,006297,P0264,2025-12-11,1
CUST0542,006305,P0247,2025-12-11,1
CUST0703,006313,P0158,2025-12-11,1
CUST0782,006317,P0332,2025-12-11,1
CUST0901,006325,P0475,2025-12-11,1
CUST0926,006329,P0100,2025-12-11,1
CUST0423,006340,P0125,2025-12-11,1
CUST0921,006347,P0159,2025-12-11,2
CUST0345,006367,P0364,2025-12-11,1
CUST0774,006373,P0132,2025-12-11,1
CUST0013,006392,P0092,2025-12-11,1
CUST0310,006408,P0277,2025-12-11,1
CUST0310,006408,P0275,2025-12-11,1
CUST0399,006062,P0226,2025-12-12,1
CUST0050,006129,P0362,2025-12-12,1
CUST0114,006158,P0395,2025-12-12,1
CUST0301,006163,P0273,2025-12-12,1
CUST0657,006204,P0153,2025-12-12,1
CUST0772,006208,P0247,2025-12-12,1
CUST0976,006237,P0380,2025-12-12,1
CUST0585,006308,P0395,2025-12-12,1
CUST0782,006317,P0274,2025-12-12,1
CUST0073,006335,P0275,2025-12-12,2
CUST0990,006433,P0355,2025-12-12,1
CUST0224,006050,P0131,2025-12-13,1
CUST0808,006068,P0335,2025-12-13,1
CUST0246,006101,P0047,2025-12-13,1
CUST0436,006109,P0373,2025-12-13,1
CUST0804,006121,P0475,2025-12-13,1
CUST0423,006267,P0382,2025-12-13,1
CUST0403,006296,P0362,2025-12-13,1
CUST0525,006426,P0500,2025-12-13,1
CUST0674,006455,P0361,2025-12-13,2
CUST0631,006116,P0158,2025-12-14,1
CUST0474,006138,P0241,2025-12-14,1
CUST0165,006161,P0404,2025-12-14,1
CUST0860,006322,P0230,2025-12-14,1
CUST0345,006367,P0047,2025-12-14,1
CUST0215,006437,P0273,2025-12-14,1
CUST0484,006452,P0218,2025-12-14,1
CUST0175,006260,P0403,2025-12-15,1
CUST0423,006267,P0365,2025-12-15,1
CUST0376,006294,P0346,2025-12-15,1
CUST0913,006328,P0410,2025-12-15,1
CUST0537,006383,P0158,2025-12-15,1
CUST0191,006395,P0488,2025-12-15,1
CUST0906,006404,P0389,2025-12-15,1
CUST0640,006417,P0242,2025-12-15,1
CUST0448,006423,P0186,2025-12-15,3
CUST0215,006437,P0407,2025-12-15,1
CUST0487,006474,P0255,2025-12-15,1
CUST0246,006101,P0190,2025-12-16,1
CUST0095,006156,P0204,2025-12-16,1
CUST0697,006273,P0308,2025-12-16,1
CUST0457,006412,P0092,2025-12-16,1
CUST0631,006416,P0308,2025-12-16,1
CUST0403,006421,P0391,2025-12-16,1
CUST0412,006449,P0265,2025-12-16,1
CUST0978,006499,P0495,2025-12-16,1
CUST0387,006505,P0139,2025-12-16,3
CUST0846,006511,P0299,2025-12-16,1
CUST0846,006511,P0158,2025-12-16,1
CUST0846,006069,P0388,2025-12-17,2
CUST0070,006073,P0211,2025-12-17,1
CUST0644,006174,P0405,2025-12-17,1
CUST0867,006185,P0166,2025-12-17,1
CUST0772,006208,P0275,2025-12-17,3
CUST0071,006216,P0330,2025-12-17,1
CUST0073,006256,P0158,2025-12-17,1
CUST0973,006331,P0242,2025-12-17,1
CUST0308,006338,P0405,2025-12-17,1
CUST0523,006341,P0058,2025-12-17,1
CUST0354,006355,P0136,2025-12-17,1
CUST0310,006408,P0406,2025-12-17,1
CUST0457,006412,P0240,2025-12-17,1
CUST0484,006452,P0254,2025-12-17,1
CUST0556,006527,P0403,2025-12-17,1
CUST0198,006026,P0122,2025-12-18,1
CUST0895,006234,P0269,2025-12-18,2
CUST0062,006280,P0052,2025-12-18,4
CUST0590,006309,P0371,2025-12-18,1
CUST0921,006347,P0210,2025-12-18,1
CUST0131,006352,P0275,2025-12-18,1
CUST0807,006389,P0245,2025-12-18,1
CUST0861,006430,P0247,2025-12-18,1
CUST0990,006433,P0278,2025-12-18,1
CUST0200,006436,P0124,2025-12-18,1
CUST0062,006501,P0047,2025-12-18,1
CUST0131,006502,P0131,2025-12-18,1
CUST0885,006512,P0136,2025-12-18,1
CUST0224,006050,P0288,2025-12-19,1
CUST0156,006058,P0133,2025-12-19,1
CUST0831,006231,P0100,2025-12-19,1
CUST0631,006416,P0153,2025-12-19,1
CUST0215,006437,P0329,2025-12-19,1
CUST0537,006440,P0260,2025-12-19,1
CUST0412,006449,P0074,2025-12-19,3
CUST0412,006449,P0370,2025-12-19,1
CUST0412,006449,P0191,2025-12-19,1
CUST0412,006449,P0041,2025-12-19,1
CUST0619,006477,P0037,2025-12-19,1
CUST0404,006489,P0069,2025-12-19,1
CUST0813,006494,P0158,2025-12-19,1
CUST0189,006519,P0279,2025-12-19,1
CUST0685,006529,P0082,2025-12-19,2
CUST0542,006543,P0008,2025-12-19,1
CUST0558,006544,P0092,2025-12-19,1
CUST0976,006574,P0408,2025-12-19,1
CUST0913,006212,P0268,2025-12-20,1
CUST0467,006269,P0375,2025-12-20,1
CUST0585,006308,P0022,2025-12-20,1
CUST0665,006311,P0396,2025-12-20,1
CUST0599,006413,P0247,2025-12-20,1
CUST0618,006454,P0100,2025-12-20,1
CUST0724,006456,P0279,2025-12-20,1
CUST0807,006461,P0208,2025-12-20,1
CUST0116,006469,P0131,2025-12-20,1
CUST0184,006518,P0247,2025-12-20,1
CUST0774,006531,P0454,2025-12-20,1
CUST0981,006532,P0031,2025-12-20,1
CUST0454,006558,P0397,2025-12-20,1
CUST0420,006580,P0208,2025-12-20,1
CUST0541,006271,P0186,2025-12-21,1
CUST0901,006325,P0364,2025-12-21,1
CUST0147,006366,P0014,2025-12-21,1
CUST0403,006421,P0382,2025-12-21,1
CUST0116,006469,P0188,2025-12-21,1
CUST0484,006490,P0362,2025-12-21,1
CUST0215,006503,P0138,2025-12-21,1
CUST0193,006520,P0424,2025-12-21,1
CUST0031,006533,P0279,2025-12-21,1
CUST0268,006537,P0204,2025-12-21,1
CUST0282,006555,P0190,2025-12-21,1
CUST0883,006584,P0236,2025-12-21,1
CUST0181,006098,P0331,2025-12-22,1
CUST0727,006178,P0328,2025-12-22,1
CUST0760,006206,P0461,2025-12-22,1
CUST0681,006359,P0059,2025-12-22,1
CUST0246,006438,P0045,2025-12-22,1
CUST0772,006459,P0219,2025-12-22,1
CUST0619,006477,P0053,2025-12-22,1
CUST0585,006507,P0197,2025-12-22,1
CUST0399,006523,P0222,2025-12-22,1
CUST0282,006555,P0116,2025-12-22,1
CUST0799,006570,P0193,2025-12-22,1
CUST0674,006175,P0158,2025-12-23,1
CUST0255,006264,P0376,2025-12-23,1
CUST0159,006286,P0233,2025-12-23,1
CUST0973,006331,P0125,2025-12-23,1
CUST0073,006335,P0268,2025-12-23,3
CUST0774,006373,P0414,2025-12-23,1
CUST0590,006387,P0158,2025-12-23,1
CUST0215,006503,P0069,2025-12-23,1
CUST0681,006509,P0154,2025-12-23,1
CUST0580,006547,P0396,2025-12-23,1
CUST0883,006584,P0456,2025-12-23,1
CUST0246,006101,P0338,2025-12-24,1
CUST0327,006194,P0400,2025-12-24,1
CUST0071,006216,P0347,2025-12-24,1
CUST0799,006319,P0245,2025-12-24,1
CUST0563,006370,P0098,2025-12-24,1
CUST0215,006437,P0333,2025-12-24,1
CUST0782,006460,P0346,2025-12-24,1
CUST0544,006475,P0108,2025-12-24,1
CUST0536,006525,P0226,2025-12-24,1
CUST0558,006544,P0086,2025-12-24,1
CUST0040,006587,P0389,2025-12-24,1
CUST0249,006591,P0118,2025-12-24,1
CUST0913,006152,P0310,2025-12-25,1
CUST0772,006208,P0268,2025-12-25,1
CUST0220,006288,P0310,2025-12-25,1
CUST0200,006353,P0173,2025-12-25,1
CUST0345,006367,P0158,2025-12-25,1
CUST0544,006384,P0178,2025-12-25,2
CUST0599,006413,P0341,2025-12-25,1
CUST0403,006421,P0371,2025-12-25,1
CUST0772,006459,P0431,2025-12-25,1
CUST0387,006505,P0210,2025-12-25,2
CUST0863,006572,P0394,2025-12-25,1
CUST0741,006613,P0287,2025-12-25,2
CUST0947,006629,P0364,2025-12-25,1
CUST0147,006632,P0158,2025-12-25,1
CUST0703,006177,P0158,2025-12-26,1
CUST0772,006208,P0266,2025-12-26,1
CUST0073,006256,P0267,2025-12-26,1
CUST0516,006425,P0443,2025-12-26,2
CUST0973,006600,P0197,2025-12-26,1
CUST0640,006611,P0377,2025-12-26,1
CUST0200,006616,P0092,2025-12-26,1
CUST0556,006200,P0202,2025-12-27,1
CUST0375,006409,P0210,2025-12-27,1
CUST0301,006448,P0397,2025-12-27,1
CUST1000,006516,P0097,2025-12-27,1
CUST0863,006572,P0378,2025-12-27,1
CUST0224,006577,P0410,2025-12-27,1
CUST0396,006579,P0127,2025-12-27,1
CUST0947,006629,P0373,2025-12-27,1
CUST0710,006644,P0226,2025-12-27,1
CUST0105,006238,P0309,2025-12-28,1
CUST0598,006442,P0158,2025-12-28,1
CUST1000,006516,P0076,2025-12-28,1
CUST0940,006626,P0131,2025-12-28,1
CUST0944,006628,P0115,2025-12-28,1
CUST0308,006338,P0362,2025-12-29,1
CUST0619,006400,P0018,2025-12-29,1
CUST0724,006456,P0223,2025-12-29,2
CUST0008,006550,P0223,2025-12-29,1
CUST0655,006565,P0197,2025-12-29,1
CUST0095,006589,P0197,2025-12-29,1
CUST0741,006613,P0275,2025-12-29,1
CUST0842,006614,P0308,2025-12-29,1
CUST0690,006620,P0362,2025-12-29,1
CUST0427,006642,P0118,2025-12-29,1
CUST0427,006642,P0158,2025-12-29,1
CUST0423,006658,P0254,2025-12-29,1
CUST0432,006659,P0212,2025-12-29,1
CUST0978,006499,P0218,2025-12-30,1
CUST0860,006645,P0245,2025-12-30,1
CUST0423,006652,P0340,2025-12-30,1
CUST0423,006652,P0350,2025-12-30,1
CUST0423,006658,P0265,2025-12-30,1
CUST0874,006661,P0100,2025-12-30,1
CUST0874,006661,P0475,2025-12-30,1
CUST0655,006666,P0215,2025-12-30,2
CUST0913,006669,P0247,2025-12-30,1
CUST0665,006311,P0365,2025-12-31,1
CUST0448,006423,P0139,2025-12-31,1
CUST0971,006431,P0240,2025-12-31,1
CUST0499,006524,P0373,2025-12-31,1
CUST0156,006633,P0370,2025-12-31,1
CUST0308,006665,P0282,2025-12-31,1
CUST0423,006674,P0459,2025-12-31,1
CUST0544,006384,P0197,2026-01-01,1
CUST0003,006405,P0421,2026-01-01,1
CUST0487,006474,P0383,2026-01-01,1
CUST0454,006635,P0087,2026-01-01,1
CUST0010,006640,P0322,2026-01-01,1
CUST0715,006676,P0449,2026-01-01,1
CUST0813,006678,P0089,2026-01-01,1
CUST0599,006413,P0202,2026-01-02,1
CUST0782,006460,P0380,2026-01-02,1
CUST0189,006519,P0387,2026-01-02,1
CUST0116,006601,P0158,2026-01-02,1
CUST0116,006601,P0094,2026-01-02,1
CUST0378,006606,P0226,2026-01-02,2
CUST0367,006647,P0395,2026-01-02,1
CUST0807,006389,P0370,2026-01-03,1
CUST0438,006450,P0387,2026-01-03,1
CUST0813,006463,P0382,2026-01-03,1
CUST0644,006564,P0307,2026-01-03,1
CUST0257,006578,P0233,2026-01-03,1
CUST0040,006587,P0443,2026-01-03,1
CUST0662,006643,P0366,2026-01-03,1
CUST0423,006658,P0223,2026-01-03,1
CUST0913,006669,P0227,2026-01-03,3
CUST0844,006679,P0357,2026-01-03,2
CUST0844,006679,P0407,2026-01-03,1
CUST0804,006698,P0420,2026-01-03,1
CUST0580,006705,P0048,2026-01-03,2
CUST0906,006710,P0315,2026-01-03,1
CUST0563,006722,P0158,2026-01-03,1
CUST0844,006725,P0247,2026-01-03,3
CUST0131,006502,P0158,2026-01-04,1
CUST0542,006543,P0218,2026-01-04,1
CUST0423,006617,P0382,2026-01-04,1
CUST0631,006694,P0374,2026-01-04,1
CUST0710,006706,P0226,2026-01-04,1
CUST0220,006717,P0256,2026-01-04,1
CUST0200,006436,P0060,2026-01-05,1
CUST0920,006497,P0247,2026-01-05,2
CUST0612,006563,P0288,2026-01-05,1
CUST0912,006668,P0391,2026-01-05,1
CUST0844,006679,P0310,2026-01-05,1
CUST0979,006466,P0089,2026-01-06,1
CUST0454,006558,P0381,2026-01-06,2
CUST0891,006680,P0141,2026-01-06,1
CUST0462,006689,P0204,2026-01-06,1
CUST0710,006706,P0228,2026-01-06,1
CUST0376,006718,P0116,2026-01-06,1
CUST0675,006723,P0116,2026-01-06,1
CUST0292,006419,P0158,2026-01-07,1
CUST0136,006641,P0355,2026-01-07,1
CUST0813,006678,P0264,2026-01-07,1
CUST0976,006682,P0277,2026-01-07,1
CUST0976,006682,P0391,2026-01-07,1
CUST0760,006696,P0210,2026-01-07,1
CUST0255,006701,P0111,2026-01-07,1
CUST0973,006713,P0254,2026-01-07,1
CUST0973,006713,P0346,2026-01-07,2
CUST0389,006719,P0275,2026-01-07,1
CUST0375,006605,P0278,2026-01-08,1
CUST0376,006718,P0015,2026-01-08,1
CUST0484,006452,P0269,2026-01-09,1
CUST0427,006642,P0089,2026-01-09,2
CUST0328,006672,P0456,2026-01-09,1
CUST0976,006682,P0325,2026-01-09,1
CUST0195,006685,P0475,2026-01-09,1
CUST0046,006714,P0347,2026-01-09,1
CUST0040,006517,P0457,2026-01-10,1
CUST0286,006538,P0158,2026-01-10,2
CUST0763,006697,P0459,2026-01-10,1
CUST0317,006686,P0016,2026-01-11,1
CUST0537,006609,P0178,2026-01-12,1
CUST0423,006617,P0234,2026-01-12,1
CUST0913,006669,P0282,2026-01-12,1
CUST0813,006571,P0313,2026-01-13,1
CUST0619,006581,P0083,2026-01-13,1
CUST0760,006696,P0325,2026-01-13,1
CUST0976,006682,P0252,2026-01-14,1
CUST0423,006688,P0395,2026-01-14,1
CUST0563,006722,P0269,2026-01-15,1
CUST0913,006669,P0262,2026-01-16,1
CUST0255,006701,P0211,2026-01-16,1
CUST0220,006717,P0350,2026-01-16,1
CUST0358,006687,P0264,2026-01-17,1
CUST0366,006704,P0389,2026-01-17,1
CUST0046,006714,P0388,2026-01-17,1
CUST0563,006722,P0476,2026-01-17,1
CUST0885,006726,P0245,2026-01-17,1
CUST0225,006603,P0048,2026-01-18,1
CUST0378,006606,P0215,2026-01-18,1
CUST0423,006674,P0376,2026-01-18,1
CUST0423,006688,P0212,2026-01-18,1
CUST0655,006653,P0370,2026-01-19,1
CUST0813,006709,P0323,2026-01-20,1
CUST0423,006652,P0074,2026-01-21,1
CUST0462,006689,P0247,2026-01-21,1
CUST0136,006641,P0374,2026-01-22,1
CUST0432,006659,P0024,2026-01-23,3
CUST0813,006709,P0238,2026-01-23,3
CUST0423,006658,P0226,2026-01-25,1
CUST0195,006685,P0361,2026-01-26,1
CUST0317,006686,P0158,2026-01-26,1
CUST0735,006707,P0265,2026-01-28,1
CUST0220,006717,P0455,2026-01-29,1
CUST0844,006725,P0326,2026-01-29,1
